{
  "type": "FeatureCollection",
  "name": "绿化带",
  "crs": {
    "type": "name",
    "properties": {
      "name": "urn:ogc:def:crs:OGC:1.3:CRS84"
    }
  },
  "features": [
    {
      "type": "Feature",
      "id": 2,
      "properties": {
        "fid": 2,
        "green_id": null,
        "green_type": null,
        "source": null,
        "id": "GRN-002",
        "type": "greenbelt"
      },
      "geometry": {
        "type": "Polygon",
        "coordinates": [
          [
            [
              121.41851285896394,
              28.65652245692912
            ],
            [
              121.41839863167547,
              28.656545144791444
            ],
            [
              121.41837997903616,
              28.656550750435823
            ],
            [
              121.41837990061296,
              28.656550793248996
            ],
            [
              121.41837982304546,
              28.6565508372583
            ],
            [
              121.41837974635708,
              28.65655088245045
            ],
            [
              121.41837967057101,
              28.656550928811782
            ],
            [
              121.41837959571018,
              28.656550976328283
            ],
            [
              121.4183795217972,
              28.656551024985593
            ],
            [
              121.41837944885442,
              28.656551074769002
            ],
            [
              121.41837937690389,
              28.656551125663434
            ],
            [
              121.41837930596733,
              28.656551177653558
            ],
            [
              121.41837923606623,
              28.65655123072362
            ],
            [
              121.41837916722169,
              28.656551284857603
            ],
            [
              121.41837909945451,
              28.656551340039123
            ],
            [
              121.41837903278521,
              28.656551396251523
            ],
            [
              121.4183789672339,
              28.656551453477775
            ],
            [
              121.41837890282042,
              28.656551511700606
            ],
            [
              121.41837883956424,
              28.656551570902433
            ],
            [
              121.41837877748448,
              28.65655163106533
            ],
            [
              121.41837871659989,
              28.656551692171124
            ],
            [
              121.4183786569289,
              28.65655175420134
            ],
            [
              121.41837859848951,
              28.65655181713724
            ],
            [
              121.4183785412994,
              28.656551880959793
            ],
            [
              121.41837848537588,
              28.6565519456497
            ],
            [
              121.41837843073584,
              28.65655201118742
            ],
            [
              121.41837837739578,
              28.656552077553133
            ],
            [
              121.41837832537185,
              28.656552144726792
            ],
            [
              121.41837827467974,
              28.656552212688077
            ],
            [
              121.4183782253348,
              28.65655228141644
            ],
            [
              121.41837817735195,
              28.656552350891122
            ],
            [
              121.41837813074568,
              28.65655242109113
            ],
            [
              121.41837808553008,
              28.656552491995228
            ],
            [
              121.41837804171882,
              28.656552563581982
            ],
            [
              121.41837799932514,
              28.656552635829772
            ],
            [
              121.41837795836186,
              28.656552708716738
            ],
            [
              121.41837791884134,
              28.65655278222085
            ],
            [
              121.41837788077557,
              28.656552856319912
            ],
            [
              121.418377844176,
              28.656552930991506
            ],
            [
              121.41837780905375,
              28.656553006213063
            ],
            [
              121.4183777754194,
              28.656553081961853
            ],
            [
              121.41837774328313,
              28.656553158214976
            ],
            [
              121.41837771265465,
              28.65655323494938
            ],
            [
              121.4183776835432,
              28.656553312141877
            ],
            [
              121.41837765595761,
              28.656553389769122
            ],
            [
              121.4183776299062,
              28.65655346780766
            ],
            [
              121.41837760539686,
              28.65655354623391
            ],
            [
              121.41837758243699,
              28.656553625024152
            ],
            [
              121.41837756103352,
              28.656553704154565
            ],
            [
              121.41837754119294,
              28.656553783601247
            ],
            [
              121.41837752292122,
              28.656553863340182
            ],
            [
              121.4183775062239,
              28.65655394334726
            ],
            [
              121.41837749110604,
              28.656554023598282
            ],
            [
              121.4183774775722,
              28.65655410406902
            ],
            [
              121.41837746562645,
              28.65655418473514
            ],
            [
              121.41837745527242,
              28.65655426557225
            ],
            [
              121.41837744651325,
              28.65655434655592
            ],
            [
              121.41837743935156,
              28.656554427661675
            ],
            [
              121.41837743378953,
              28.656554508864996
            ],
            [
              121.41837742982885,
              28.656554590141333
            ],
            [
              121.4183774274707,
              28.656554671466125
            ],
            [
              121.41837742671581,
              28.656554752814785
            ],
            [
              121.4183774275644,
              28.65655483416274
            ],
            [
              121.4183774300162,
              28.65655491548538
            ],
            [
              121.41837743407049,
              28.656554996758132
            ],
            [
              121.41837743972603,
              28.656555077956423
            ],
            [
              121.41837744698113,
              28.656555159055713
            ],
            [
              121.41837745583356,
              28.65655524003151
            ],
            [
              121.41837746628069,
              28.656555320859294
            ],
            [
              121.41837747831934,
              28.65655540151465
            ],
            [
              121.41837749194586,
              28.656555481973225
            ],
            [
              121.41837750715615,
              28.656555562210666
            ],
            [
              121.4183775239456,
              28.656555642202743
            ],
            [
              121.41837754230913,
              28.656555721925248
            ],
            [
              121.41837756224122,
              28.65655580135412
            ],
            [
              121.4183775837358,
              28.656555880465316
            ],
            [
              121.41837760678641,
              28.656555959234947
            ],
            [
              121.41837763138606,
              28.65655603763918
            ],
            [
              121.41837765752734,
              28.65655611565434
            ],
            [
              121.41837768520232,
              28.656556193256833
            ],
            [
              121.41837771440265,
              28.656556270423202
            ],
            [
              121.4183777451195,
              28.656556347130113
            ],
            [
              121.41837777734358,
              28.656556423354402
            ],
            [
              121.41837781106516,
              28.656556499073016
            ],
            [
              121.41837784627403,
              28.656556574263067
            ],
            [
              121.41837788295958,
              28.656556648901823
            ],
            [
              121.41837792111068,
              28.656556722966734
            ],
            [
              121.41837796071582,
              28.656556796435403
            ],
            [
              121.41837800176303,
              28.656556869285623
            ],
            [
              121.4183780442399,
              28.65655694149538
            ],
            [
              121.4183780881336,
              28.656557013042843
            ],
            [
              121.41837813343083,
              28.65655708390639
            ],
            [
              121.41837818011794,
              28.656557154064583
            ],
            [
              121.41837822818079,
              28.65655722349624
            ],
            [
              121.41837827760484,
              28.656557292180363
            ],
            [
              121.4183783283752,
              28.656557360096183
            ],
            [
              121.41837838047648,
              28.656557427223177
            ],
            [
              121.41837843389294,
              28.65655749354107
            ],
            [
              121.41837848860845,
              28.65655755902979
            ],
            [
              121.41837854460645,
              28.656557623669546
            ],
            [
              121.41837860187003,
              28.656557687440817
            ],
            [
              121.41837866038188,
              28.656557750324314
            ],
            [
              121.41837872012428,
              28.656557812301042
            ],
            [
              121.41837878107923,
              28.65655787335225
            ],
            [
              121.41837884322825,
              28.656557933459478
            ],
            [
              121.41837890655259,
              28.65655799260459
            ],
            [
              121.41837897103309,
              28.656558050769668
            ],
            [
              121.41837903665028,
              28.656558107937162
            ],
            [
              121.41837910338431,
              28.656558164089773
            ],
            [
              121.41837917121501,
              28.65655821921054
            ],
            [
              121.41837924012187,
              28.6565582732828
            ],
            [
              121.41837931008406,
              28.6565583262902
            ],
            [
              121.41837938108046,
              28.656558378216722
            ],
            [
              121.41837945308959,
              28.656558429046676
            ],
            [
              121.41837952608967,
              28.656558478764687
            ],
            [
              121.41837960005866,
              28.656558527355738
            ],
            [
              121.41837967497418,
              28.656558574805135
            ],
            [
              121.4183797508136,
              28.656558621098522
            ],
            [
              121.41837982755399,
              28.65655866622193
            ],
            [
              121.41837990517216,
              28.656558710161708
            ],
            [
              121.41837998364464,
              28.65655875290457
            ],
            [
              121.41838006294772,
              28.656558794437608
            ],
            [
              121.4183801430574,
              28.656558834748264
            ],
            [
              121.41838022394951,
              28.656558873824334
            ],
            [
              121.41838030559957,
              28.656558911654038
            ],
            [
              121.41838038798291,
              28.656558948225918
            ],
            [
              121.41838047107461,
              28.656558983528935
            ],
            [
              121.41838055484958,
              28.656559017552393
            ],
            [
              121.41838063928247,
              28.656559050286045
            ],
            [
              121.41838072434778,
              28.656559081719962
            ],
            [
              121.41838081001978,
              28.65655911184467
            ],
            [
              121.41838089627261,
              28.656559140651034
            ],
            [
              121.41838098308016,
              28.65655916813038
            ],
            [
              121.41838107041619,
              28.65655919427436
            ],
            [
              121.41838115825432,
              28.656559219075117
            ],
            [
              121.41838124656799,
              28.656559242525123
            ],
            [
              121.41838133533051,
              28.6565592646173
            ],
            [
              121.41838142451505,
              28.656559285344983
            ],
            [
              121.41838151409463,
              28.656559304701876
            ],
            [
              121.41838160404222,
              28.656559322682156
            ],
            [
              121.41839003083548,
              28.656561332512222
            ],
            [
              121.41839841712178,
              28.65656347010403
            ],
            [
              121.41840676041168,
              28.656565734823054
            ],
            [
              121.41841505822849,
              28.656568125997016
            ],
            [
              121.41842330810901,
              28.656570642916112
            ],
            [
              121.41843150760428,
              28.656573284833186
            ],
            [
              121.41843965428032,
              28.656576050963995
            ],
            [
              121.4184477457188,
              28.656578940487442
            ],
            [
              121.41845577951777,
              28.656581952545757
            ],
            [
              121.41846375329243,
              28.65658508624483
            ],
            [
              121.41847166467576,
              28.656588340654434
            ],
            [
              121.41847951131932,
              28.65659171480849
            ],
            [
              121.41848729089381,
              28.656595207705408
            ],
            [
              121.41849500108988,
              28.65659881830831
            ],
            [
              121.4185071263527,
              28.656560743192596
            ],
            [
              121.41851285896394,
              28.65652245692912
            ]
          ]
        ]
      }
    },
    {
      "type": "Feature",
      "id": 3,
      "properties": {
        "fid": 3,
        "green_id": null,
        "green_type": null,
        "source": null,
        "id": "GRN-003",
        "type": "greenbelt"
      },
      "geometry": {
        "type": "Polygon",
        "coordinates": [
          [
            [
              121.41861331835098,
              28.656551064280162
            ],
            [
              121.41866853449797,
              28.65654242787805
            ],
            [
              121.41865585543675,
              28.656493689978525
            ],
            [
              121.41859459437146,
              28.656506441424426
            ],
            [
              121.41861331835098,
              28.656551064280162
            ]
          ]
        ]
      }
    },
    {
      "type": "Feature",
      "id": 5,
      "properties": {
        "fid": 5,
        "green_id": null,
        "green_type": null,
        "source": null,
        "id": "GRN-005",
        "type": "greenbelt"
      },
      "geometry": {
        "type": "Polygon",
        "coordinates": [
          [
            [
              121.4188745160288,
              28.65657850020722
            ],
            [
              121.418877753301,
              28.656577622698492
            ],
            [
              121.4188810070952,
              28.656576794096875
            ],
            [
              121.41888427646181,
              28.656576014644187
            ],
            [
              121.41888756044673,
              28.656575284567896
            ],
            [
              121.41889085809157,
              28.656574604081047
            ],
            [
              121.41889416843394,
              28.65657397338227
            ],
            [
              121.41889749050777,
              28.6565733926556
            ],
            [
              121.41890082334356,
              28.656572862070522
            ],
            [
              121.41890416596867,
              28.65657238178187
            ],
            [
              121.41890751740759,
              28.656571951929834
            ],
            [
              121.41891087668226,
              28.65657157263984
            ],
            [
              121.41891424281232,
              28.656571244022576
            ],
            [
              121.41891761481538,
              28.656570966173955
            ],
            [
              121.41892099170742,
              28.656570739175066
            ],
            [
              121.4189243725029,
              28.656570563092153
            ],
            [
              121.4189277562152,
              28.6565704379766
            ],
            [
              121.41893114185682,
              28.65657036386492
            ],
            [
              121.4189345284397,
              28.656570340778742
            ],
            [
              121.41893791497554,
              28.656570368724807
            ],
            [
              121.41894130047599,
              28.656570447694964
            ],
            [
              121.41894468395307,
              28.656570577666155
            ],
            [
              121.41894806441933,
              28.65657075860045
            ],
            [
              121.41895144088824,
              28.65657099044506
            ],
            [
              121.41895481237442,
              28.656571273132325
            ],
            [
              121.41895817789396,
              28.656571606579725
            ],
            [
              121.41896153646466,
              28.656571990689955
            ],
            [
              121.41896488710638,
              28.656572425350934
            ],
            [
              121.41896822884128,
              28.6565729104358
            ],
            [
              121.4189715606941,
              28.65657344580299
            ],
            [
              121.41897225468358,
              28.656575612825733
            ],
            [
              121.41897290575838,
              28.656577790186088
            ],
            [
              121.41897351372081,
              28.656579977222908
            ],
            [
              121.41897407838626,
              28.65658217327206
            ],
            [
              121.41897459958324,
              28.656584377666736
            ],
            [
              121.41897507715349,
              28.656586589737543
            ],
            [
              121.41892418819806,
              28.6566780796999
            ],
            [
              121.4189239650783,
              28.656678277109574
            ],
            [
              121.41892373808885,
              28.656678471056495
            ],
            [
              121.41892350729877,
              28.656678661481678
            ],
            [
              121.41892327277829,
              28.65667884832715
            ],
            [
              121.41892303459873,
              28.656679031536093
            ],
            [
              121.4189227928326,
              28.65667921105275
            ],
            [
              121.41892254755344,
              28.656679386822518
            ],
            [
              121.41892229883587,
              28.65667955879191
            ],
            [
              121.41892204675555,
              28.65667972690859
            ],
            [
              121.41892179138921,
              28.65667989112142
            ],
            [
              121.41892153281454,
              28.656680051380455
            ],
            [
              121.41892127111018,
              28.65668020763692
            ],
            [
              121.41892100635577,
              28.656680359843268
            ],
            [
              121.41892073863188,
              28.65668050795319
            ],
            [
              121.41892046801995,
              28.656680651921633
            ],
            [
              121.41892019460232,
              28.656680791704797
            ],
            [
              121.41891991846217,
              28.656680927260147
            ],
            [
              121.41891963968351,
              28.65668105854643
            ],
            [
              121.41891935835118,
              28.65668118552372
            ],
            [
              121.41891907455076,
              28.656681308153356
            ],
            [
              121.4189187883686,
              28.65668142639806
            ],
            [
              121.41891849989177,
              28.656681540221854
            ],
            [
              121.41891820920806,
              28.656681649590087
            ],
            [
              121.41891791640587,
              28.656681754469474
            ],
            [
              121.41891762157432,
              28.656681854828143
            ],
            [
              121.4189173248031,
              28.65668195063554
            ],
            [
              121.41891702618251,
              28.65668204186252
            ],
            [
              121.4189167258034,
              28.656682128481307
            ],
            [
              121.41891642375715,
              28.656682210465583
            ],
            [
              121.41891612013569,
              28.65668228779036
            ],
            [
              121.41891581503137,
              28.65668236043215
            ],
            [
              121.41891550853701,
              28.656682428368825
            ],
            [
              121.4189152007459,
              28.656682491579748
            ],
            [
              121.41891489175165,
              28.65668255004565
            ],
            [
              121.41891458164828,
              28.656682603748763
            ],
            [
              121.41891427053017,
              28.656682652672735
            ],
            [
              121.41891395849193,
              28.656682696802715
            ],
            [
              121.41891364562852,
              28.656682736125237
            ],
            [
              121.41891333203513,
              28.656682770628343
            ],
            [
              121.41891301780718,
              28.656682800301546
            ],
            [
              121.41891270304028,
              28.65668282513582
            ],
            [
              121.41891238783016,
              28.65668284512361
            ],
            [
              121.41891207227276,
              28.65668286025882
            ],
            [
              121.41891175646407,
              28.65668287053685
            ],
            [
              121.41891144050018,
              28.656682875954587
            ],
            [
              121.41891112447723,
              28.65668287651037
            ],
            [
              121.41891080849138,
              28.656682872204033
            ],
            [
              121.41891049263873,
              28.65668286303688
            ],
            [
              121.41891017701542,
              28.65668284901171
            ],
            [
              121.41890986171745,
              28.656682830132784
            ],
            [
              121.41890954684077,
              28.656682806405843
            ],
            [
              121.41890923248117,
              28.65668277783812
            ],
            [
              121.4189089187343,
              28.656682744438303
            ],
            [
              121.41890860569562,
              28.656682706216547
            ],
            [
              121.41890829346036,
              28.656682663184462
            ],
            [
              121.41890798212353,
              28.65668261535518
            ],
            [
              121.41890767177985,
              28.65668256274324
            ],
            [
              121.41890736252375,
              28.656682505364625
            ],
            [
              121.41890705444932,
              28.65668244323681
            ],
            [
              121.41890674765028,
              28.656682376378726
            ],
            [
              121.41890644221998,
              28.656682304810662
            ],
            [
              121.41890613825136,
              28.656682228554434
            ],
            [
              121.41890583583688,
              28.65668214763322
            ],
            [
              121.41890553506857,
              28.656682062071642
            ],
            [
              121.41890523603794,
              28.65668197189575
            ],
            [
              121.41890493883596,
              28.65668187713296
            ],
            [
              121.41890464355305,
              28.656681777812114
            ],
            [
              121.41890435027906,
              28.656681673963433
            ],
            [
              121.41890405910323,
              28.656681565618502
            ],
            [
              121.41890377011411,
              28.656681452810293
            ],
            [
              121.41890348339967,
              28.656681335573133
            ],
            [
              121.41890319904714,
              28.656681213942672
            ],
            [
              121.418902917143,
              28.656681087955935
            ],
            [
              121.41890263777304,
              28.656680957651258
            ],
            [
              121.41890236102228,
              28.656680823068275
            ],
            [
              121.41890208697488,
              28.656680684247927
            ],
            [
              121.41890181571425,
              28.656680541232458
            ],
            [
              121.41890154732292,
              28.65668039406539
            ],
            [
              121.41890128188253,
              28.656680242791477
            ],
            [
              121.41890101947385,
              28.656680087456767
            ],
            [
              121.41890076017673,
              28.65667992810851
            ],
            [
              121.41890050407005,
              28.65667976479519
            ],
            [
              121.41890025123172,
              28.656679597566477
            ],
            [
              121.41890000173869,
              28.656679426473303
            ],
            [
              121.41889975566686,
              28.65667925156766
            ],
            [
              121.41889951309109,
              28.656679072902794
            ],
            [
              121.41889927408519,
              28.656678890533072
            ],
            [
              121.41889903872188,
              28.656678704513972
            ],
            [
              121.41889880707276,
              28.656678514902083
            ],
            [
              121.41889857920833,
              28.656678321755095
            ],
            [
              121.4188983551979,
              28.65667812513178
            ],
            [
              121.41889813510961,
              28.65667792509197
            ],
            [
              121.41889791901046,
              28.656677721696504
            ],
            [
              121.41889770696619,
              28.6566775150073
            ],
            [
              121.4188974990413,
              28.65667730508721
            ],
            [
              121.41889729529905,
              28.65667709200011
            ],
            [
              121.41889709580144,
              28.656676875810835
            ],
            [
              121.41889690060916,
              28.65667665658517
            ],
            [
              121.4188967097816,
              28.656676434389805
            ],
            [
              121.41889652337683,
              28.656676209292346
            ],
            [
              121.41889634145156,
              28.65667598136127
            ],
            [
              121.41889616406112,
              28.656675750665954
            ],
            [
              121.4188745160288,
              28.65657850020722
            ]
          ]
        ]
      }
    },
    {
      "type": "Feature",
      "id": 6,
      "properties": {
        "fid": 6,
        "green_id": null,
        "green_type": null,
        "source": null,
        "id": "GRN-006",
        "type": "greenbelt"
      },
      "geometry": {
        "type": "Polygon",
        "coordinates": [
          [
            [
              121.41884783241834,
              28.65645935281755
            ],
            [
              121.4189181916052,
              28.656445251607312
            ],
            [
              121.41893301699675,
              28.6565022038447
            ],
            [
              121.4188577561952,
              28.656512972109883
            ],
            [
              121.41884783241834,
              28.65645935281755
            ]
          ]
        ]
      }
    },
    {
      "type": "Feature",
      "id": 7,
      "properties": {
        "fid": 7,
        "green_id": null,
        "green_type": null,
        "source": null,
        "id": "GRN-007",
        "type": "greenbelt"
      },
      "geometry": {
        "type": "Polygon",
        "coordinates": [
          [
            [
              121.41899558614496,
              28.65642977662344
            ],
            [
              121.41900488145914,
              28.656470285690833
            ],
            [
              121.41904118980827,
              28.656498007253784
            ],
            [
              121.41904548913669,
              28.656493638984173
            ],
            [
              121.41904987381793,
              28.65648933722951
            ],
            [
              121.41905434252958,
              28.656485103287196
            ],
            [
              121.41905889392388,
              28.656480938434157
            ],
            [
              121.41906352662815,
              28.656476843926498
            ],
            [
              121.41906823924519,
              28.656472820999085
            ],
            [
              121.41907303035369,
              28.65646887086523
            ],
            [
              121.41907789850866,
              28.65646499471625
            ],
            [
              121.41908284224189,
              28.656461193721206
            ],
            [
              121.41908786006238,
              28.656457469026428
            ],
            [
              121.41909295045676,
              28.656453821755264
            ],
            [
              121.41909811188978,
              28.656450253007726
            ],
            [
              121.4191033428048,
              28.656446763860128
            ],
            [
              121.41910864162418,
              28.65644335536476
            ],
            [
              121.41911400674982,
              28.65644002854961
            ],
            [
              121.41911943656365,
              28.656436784418055
            ],
            [
              121.41912492942802,
              28.656433623948473
            ],
            [
              121.41913048368635,
              28.656430548094065
            ],
            [
              121.41913609766347,
              28.65642755778248
            ],
            [
              121.41914176966624,
              28.656424653915593
            ],
            [
              121.41914749798403,
              28.656421837369166
            ],
            [
              121.4191532808892,
              28.656419108992683
            ],
            [
              121.41915911663764,
              28.656416469609006
            ],
            [
              121.41916500346935,
              28.65641392001414
            ],
            [
              121.41916514997999,
              28.65641387393227
            ],
            [
              121.41916529555992,
              28.656413825609917
            ],
            [
              121.4191654401651,
              28.65641377506168
            ],
            [
              121.41916558375179,
              28.65641372230285
            ],
            [
              121.41916572627657,
              28.65641366734939
            ],
            [
              121.41916586769632,
              28.656413610217914
            ],
            [
              121.41916600796827,
              28.65641355092572
            ],
            [
              121.41916614704999,
              28.656413489490717
            ],
            [
              121.41916628489942,
              28.65641342593151
            ],
            [
              121.41916642147486,
              28.656413360267315
            ],
            [
              121.419166556735,
              28.656413292517975
            ],
            [
              121.4191666906389,
              28.65641322270401
            ],
            [
              121.41916682314611,
              28.65641315084652
            ],
            [
              121.41916695421654,
              28.656413076967254
            ],
            [
              121.4191670838105,
              28.656413001088552
            ],
            [
              121.41916721188885,
              28.656412923233344
            ],
            [
              121.4191673384128,
              28.656412843425205
            ],
            [
              121.41916746334412,
              28.65641276168827
            ],
            [
              121.41916758664502,
              28.656412678047246
            ],
            [
              121.41916770827818,
              28.65641259252745
            ],
            [
              121.41916782820682,
              28.656412505154744
            ],
            [
              121.41916794639467,
              28.656412415955554
            ],
            [
              121.41916806280598,
              28.65641232495685
            ],
            [
              121.41916817740554,
              28.65641223218618
            ],
            [
              121.4191682901587,
              28.656412137671584
            ],
            [
              121.41916840103131,
              28.656412041441644
            ],
            [
              121.4191685099899,
              28.656411943525494
            ],
            [
              121.41916861700147,
              28.65641184395273
            ],
            [
              121.41916872203366,
              28.656411742753466
            ],
            [
              121.41916882505471,
              28.656411639958318
            ],
            [
              121.41916892603345,
              28.65641153559839
            ],
            [
              121.41916902493935,
              28.65641142970524
            ],
            [
              121.41916912174247,
              28.65641132231087
            ],
            [
              121.41916921641356,
              28.656411213447807
            ],
            [
              121.41916930892397,
              28.65641110314896
            ],
            [
              121.41916939924572,
              28.65641099144769
            ],
            [
              121.41916948735148,
              28.65641087837777
            ],
            [
              121.41916957321462,
              28.65641076397343
            ],
            [
              121.41916965680915,
              28.656410648269244
            ],
            [
              121.4191697381098,
              28.65641053130023
            ],
            [
              121.41916981709198,
              28.656410413101753
            ],
            [
              121.41916989373179,
              28.65641029370957
            ],
            [
              121.41916996800606,
              28.656410173159784
            ],
            [
              121.41917003989231,
              28.656410051488876
            ],
            [
              121.4191701093688,
              28.656409928733638
            ],
            [
              121.41917017641454,
              28.6564098049312
            ],
            [
              121.41917024100923,
              28.65640968011901
            ],
            [
              121.41917030313331,
              28.656409554334815
            ],
            [
              121.41917036276804,
              28.656409427616655
            ],
            [
              121.41917041989535,
              28.656409300002874
            ],
            [
              121.41917047449796,
              28.656409171532058
            ],
            [
              121.41917052655937,
              28.65640904224308
            ],
            [
              121.4191705760638,
              28.656408912175028
            ],
            [
              121.41917062299633,
              28.656408781367258
            ],
            [
              121.41917066734273,
              28.65640864985931
            ],
            [
              121.41917070908958,
              28.65640851769099
            ],
            [
              121.41917074822427,
              28.65640838490228
            ],
            [
              121.41917078473496,
              28.656408251533314
            ],
            [
              121.41917081861061,
              28.65640811762445
            ],
            [
              121.41917084984095,
              28.65640798321618
            ],
            [
              121.41917087841657,
              28.656407848349176
            ],
            [
              121.41917090432881,
              28.656407713064212
            ],
            [
              121.41917092756982,
              28.656407577402213
            ],
            [
              121.41917094813259,
              28.65640744140422
            ],
            [
              121.41917096601088,
              28.656407305111365
            ],
            [
              121.41917098119931,
              28.656407168564865
            ],
            [
              121.41917099369327,
              28.656407031806026
            ],
            [
              121.41917100348897,
              28.65640689487622
            ],
            [
              121.41917101058347,
              28.656406757816857
            ],
            [
              121.41917101497461,
              28.65640662066938
            ],
            [
              121.41917101666105,
              28.656406483475294
            ],
            [
              121.41917101564232,
              28.656406346276082
            ],
            [
              121.41917101191869,
              28.656406209113257
            ],
            [
              121.4191710054913,
              28.65640607202829
            ],
            [
              121.41917099636208,
              28.656405935062644
            ],
            [
              121.41917098453382,
              28.656405798257758
            ],
            [
              121.41917097001009,
              28.656405661655015
            ],
            [
              121.41917095279526,
              28.65640552529571
            ],
            [
              121.41917093289456,
              28.656405389221106
            ],
            [
              121.419170910314,
              28.65640525347236
            ],
            [
              121.41917088506041,
              28.65640511809053
            ],
            [
              121.41917085714142,
              28.65640498311656
            ],
            [
              121.41917082656549,
              28.656404848591272
            ],
            [
              121.41917079334188,
              28.656404714555364
            ],
            [
              121.4191707574806,
              28.656404581049387
            ],
            [
              121.41917071899252,
              28.6564044481137
            ],
            [
              121.4191706778893,
              28.656404315788524
            ],
            [
              121.41917063418333,
              28.656404184113885
            ],
            [
              121.41917058788786,
              28.6564040531296
            ],
            [
              121.41917053901689,
              28.656403922875292
            ],
            [
              121.41917048758519,
              28.65640379339037
            ],
            [
              121.41917043360831,
              28.65640366471397
            ],
            [
              121.41917037710262,
              28.65640353688506
            ],
            [
              121.41917031808516,
              28.656403409942257
            ],
            [
              121.4191702565738,
              28.656403283923986
            ],
            [
              121.41917019258716,
              28.656403158868354
            ],
            [
              121.41917012614458,
              28.656403034813188
            ],
            [
              121.41917005726614,
              28.656402911795997
            ],
            [
              121.4191699859727,
              28.656402789853995
            ],
            [
              121.41916991228582,
              28.656402669024093
            ],
            [
              121.41916983622778,
              28.656402549342804
            ],
            [
              121.41916975782159,
              28.65640243084635
            ],
            [
              121.41916967709096,
              28.656402313570563
            ],
            [
              121.4191695940603,
              28.656402197550914
            ],
            [
              121.41916950875476,
              28.656402082822478
            ],
            [
              121.4191694212001,
              28.656401969419992
            ],
            [
              121.41916933142282,
              28.656401857377734
            ],
            [
              121.41916923945008,
              28.656401746729607
            ],
            [
              121.4191691453097,
              28.656401637509063
            ],
            [
              121.41916904903015,
              28.656401529749147
            ],
            [
              121.41916895064053,
              28.656401423482457
            ],
            [
              121.41916885017064,
              28.65640131874111
            ],
            [
              121.41916874765083,
              28.65640121555682
            ],
            [
              121.41916864311213,
              28.65640111396078
            ],
            [
              121.41916853658617,
              28.65640101398372
            ],
            [
              121.41916842810515,
              28.656400915655887
            ],
            [
              121.41916831770189,
              28.65640081900701
            ],
            [
              121.41916820540978,
              28.65640072406634
            ],
            [
              121.41916809126278,
              28.65640063086257
            ],
            [
              121.41916797529544,
              28.656400539423906
            ],
            [
              121.4191678575428,
              28.656400449778012
            ],
            [
              121.41916773804051,
              28.656400361951977
            ],
            [
              121.4191676168247,
              28.6564002759724
            ],
            [
              121.41916749393202,
              28.65640019186525
            ],
            [
              121.41916736939967,
              28.656400109656
            ],
            [
              121.4191672432653,
              28.656400029369504
            ],
            [
              121.41916711556708,
              28.656399951030043
            ],
            [
              121.4191669863436,
              28.656399874661307
            ],
            [
              121.41916685563397,
              28.656399800286408
            ],
            [
              121.41916672347773,
              28.656399727927827
            ],
            [
              121.41916658991484,
              28.656399657607462
            ],
            [
              121.41916645498569,
              28.65639958934657
            ],
            [
              121.41916631873111,
              28.656399523165817
            ],
            [
              121.41916618119231,
              28.656399459085215
            ],
            [
              121.41916604241088,
              28.656399397124137
            ],
            [
              121.41916590242882,
              28.656399337301313
            ],
            [
              121.41916576128844,
              28.656399279634865
            ],
            [
              121.41916561903244,
              28.656399224142227
            ],
            [
              121.41916547570386,
              28.65639917084017
            ],
            [
              121.41916533134605,
              28.65639911974484
            ],
            [
              121.41916518600267,
              28.656399070871668
            ],
            [
              121.41916503971767,
              28.656399024235434
            ],
            [
              121.4191648925353,
              28.656398979850273
            ],
            [
              121.41916474450011,
              28.656398937729588
            ],
            [
              121.41916459565682,
              28.65639889788613
            ],
            [
              121.4191644460505,
              28.656398860331944
            ],
            [
              121.41916429572638,
              28.656398825078377
            ],
            [
              121.41916414472992,
              28.656398792136116
            ],
            [
              121.4191639931068,
              28.656398761515117
            ],
            [
              121.4191638409029,
              28.65639873322463
            ],
            [
              121.41916368816423,
              28.656398707273226
            ],
            [
              121.41916353493698,
              28.656398683668733
            ],
            [
              121.41916338126754,
              28.656398662418333
            ],
            [
              121.41916322720235,
              28.65639864352841
            ],
            [
              121.41916307278802,
              28.656398627004695
            ],
            [
              121.41916291807127,
              28.656398612852186
            ],
            [
              121.41916276309888,
              28.656398601075164
            ],
            [
              121.41916260791773,
              28.656398591677192
            ],
            [
              121.41916245257475,
              28.656398584661112
            ],
            [
              121.41916229711694,
              28.65639858002904
            ],
            [
              121.41916214159131,
              28.656398577782394
            ],
            [
              121.41916198604491,
              28.656398577921827
            ],
            [
              121.41916183052479,
              28.656398580447323
            ],
            [
              121.41916167507796,
              28.656398585358094
            ],
            [
              121.41916151975148,
              28.656398592652682
            ],
            [
              121.41899558614496,
              28.65642977662344
            ]
          ]
        ]
      }
    },
    {
      "type": "Feature",
      "id": 8,
      "properties": {
        "fid": 8,
        "green_id": null,
        "green_type": null,
        "source": null,
        "id": "GRN-008",
        "type": "greenbelt"
      },
      "geometry": {
        "type": "Polygon",
        "coordinates": [
          [
            [
              121.4187816690741,
              28.656207623743033
            ],
            [
              121.41878167082639,
              28.656207788993516
            ],
            [
              121.41878167581949,
              28.656207954192524
            ],
            [
              121.41878168405192,
              28.6562081192906
            ],
            [
              121.41878169552122,
              28.656208284238357
            ],
            [
              121.41878171022394,
              28.65620844898641
            ],
            [
              121.4187817281557,
              28.656208613485447
            ],
            [
              121.4187817493111,
              28.65620877768622
            ],
            [
              121.41878177368383,
              28.656208941539592
            ],
            [
              121.41878180126659,
              28.65620910499653
            ],
            [
              121.41878183205114,
              28.656209268008087
            ],
            [
              121.41878186602824,
              28.656209430525486
            ],
            [
              121.41878190318774,
              28.656209592500076
            ],
            [
              121.4187819435185,
              28.656209753883374
            ],
            [
              121.41878198700847,
              28.65620991462708
            ],
            [
              121.4187820336446,
              28.65621007468308
            ],
            [
              121.41878208341298,
              28.656210234003456
            ],
            [
              121.41878213629866,
              28.656210392540547
            ],
            [
              121.41878219228585,
              28.656210550246875
            ],
            [
              121.41878225135777,
              28.656210707075243
            ],
            [
              121.41878231349675,
              28.65621086297871
            ],
            [
              121.4187823786842,
              28.656211017910618
            ],
            [
              121.41878244690058,
              28.656211171824598
            ],
            [
              121.4187825181255,
              28.656211324674562
            ],
            [
              121.4187825923376,
              28.656211476414775
            ],
            [
              121.41878266951473,
              28.656211626999788
            ],
            [
              121.41878274963375,
              28.656211776384584
            ],
            [
              121.41878283267067,
              28.656211924524413
            ],
            [
              121.41878291860066,
              28.65621207137494
            ],
            [
              121.41878300739799,
              28.656212216892204
            ],
            [
              121.41878309903608,
              28.656212361032665
            ],
            [
              121.4187831934875,
              28.656212503753167
            ],
            [
              121.418783290724,
              28.65621264501099
            ],
            [
              121.41878339071643,
              28.656212784763866
            ],
            [
              121.4187834934349,
              28.65621292296995
            ],
            [
              121.41878359884866,
              28.656213059587895
            ],
            [
              121.41878370692615,
              28.656213194576786
            ],
            [
              121.41878381763502,
              28.65621332789623
            ],
            [
              121.41878393094213,
              28.656213459506322
            ],
            [
              121.41878404681358,
              28.656213589367677
            ],
            [
              121.41878416521467,
              28.656213717441396
            ],
            [
              121.41878428610997,
              28.65621384368918
            ],
            [
              121.4187844094633,
              28.656213968073224
            ],
            [
              121.41878453523773,
              28.656214090556297
            ],
            [
              121.41878466339561,
              28.656214211101744
            ],
            [
              121.41878479389858,
              28.656214329673478
            ],
            [
              121.4187849267076,
              28.65621444623601
            ],
            [
              121.4187850617829,
              28.656214560754456
            ],
            [
              121.41878519908404,
              28.656214673194533
            ],
            [
              121.41878533856993,
              28.656214783522593
            ],
            [
              121.41878548019885,
              28.6562148917056
            ],
            [
              121.41878562392836,
              28.656214997711185
            ],
            [
              121.41878576971547,
              28.656215101507605
            ],
            [
              121.41878591751654,
              28.65621520306382
            ],
            [
              121.41878606728733,
              28.6562153023494
            ],
            [
              121.418786218983,
              28.656215399334645
            ],
            [
              121.41878637255816,
              28.65621549399053
            ],
            [
              121.41878652796683,
              28.656215586288713
            ],
            [
              121.4187866851625,
              28.656215676201555
            ],
            [
              121.41878684409812,
              28.656215763702175
            ],
            [
              121.41878700472613,
              28.65621584876437
            ],
            [
              121.41878716699841,
              28.65621593136266
            ],
            [
              121.41878733086644,
              28.65621601147235
            ],
            [
              121.41878749628114,
              28.656216089069442
            ],
            [
              121.41878766319302,
              28.656216164130715
            ],
            [
              121.41878783155208,
              28.656216236633718
            ],
            [
              121.41878800130797,
              28.656216306556725
            ],
            [
              121.41878817240988,
              28.65621637387882
            ],
            [
              121.41878834480656,
              28.656216438579857
            ],
            [
              121.41878851844645,
              28.656216500640454
            ],
            [
              121.41878869327753,
              28.656216560042047
            ],
            [
              121.41878886924752,
              28.65621661676686
            ],
            [
              121.41878904630371,
              28.656216670797917
            ],
            [
              121.41878922439314,
              28.656216722119016
            ],
            [
              121.41878940346248,
              28.65621677071483
            ],
            [
              121.41878958345814,
              28.656216816570797
            ],
            [
              121.41878976432623,
              28.656216859673197
            ],
            [
              121.41878994601264,
              28.656216900009127
            ],
            [
              121.41879012846296,
              28.65621693756651
            ],
            [
              121.4187903116226,
              28.656216972334107
            ],
            [
              121.41879049543672,
              28.656217004301517
            ],
            [
              121.41879067985033,
              28.656217033459157
            ],
            [
              121.4187908648082,
              28.656217059798323
            ],
            [
              121.418791050255,
              28.656217083311113
            ],
            [
              121.41879123613519,
              28.656217103990496
            ],
            [
              121.41879142239316,
              28.656217121830277
            ],
            [
              121.41879160897314,
              28.656217136825124
            ],
            [
              121.4187917958193,
              28.65621714897054
            ],
            [
              121.4187919828757,
              28.656217158262894
            ],
            [
              121.41879217008636,
              28.65621716469941
            ],
            [
              121.41879235739525,
              28.656217168278165
            ],
            [
              121.4187925447463,
              28.65621716899806
            ],
            [
              121.41879273208342,
              28.656217166858905
            ],
            [
              121.41879291935055,
              28.656217161861335
            ],
            [
              121.41879310649163,
              28.65621715400685
            ],
            [
              121.41879329345066,
              28.656217143297795
            ],
            [
              121.41879348017167,
              28.656217129737364
            ],
            [
              121.41879366659877,
              28.656217113329642
            ],
            [
              121.41879385267617,
              28.65621709407952
            ],
            [
              121.41879403834817,
              28.65621707199276
            ],
            [
              121.41879422355919,
              28.656217047075994
            ],
            [
              121.41879440825379,
              28.656217019336655
            ],
            [
              121.41879459237668,
              28.656216988783058
            ],
            [
              121.41879477587278,
              28.656216955424345
            ],
            [
              121.41879495868716,
              28.656216919270502
            ],
            [
              121.41879514076507,
              28.65621688033235
            ],
            [
              121.41879532205203,
              28.656216838621546
            ],
            [
              121.4187955024938,
              28.65621679415057
            ],
            [
              121.41879568203632,
              28.656216746932746
            ],
            [
              121.41879586062589,
              28.656216696982185
            ],
            [
              121.41879603820905,
              28.656216644313858
            ],
            [
              121.41879621473265,
              28.656216588943504
            ],
            [
              121.41879639014384,
              28.656216530887722
            ],
            [
              121.41885846521564,
              28.65620451678677
            ],
            [
              121.41884367961246,
              28.65615866605599
            ],
            [
              121.41877617848874,
              28.656174802434496
            ],
            [
              121.4187816690741,
              28.656207623743033
            ]
          ]
        ]
      }
    },
    {
      "type": "Feature",
      "id": 9,
      "properties": {
        "fid": 9,
        "green_id": null,
        "green_type": null,
        "source": null,
        "id": "GRN-009",
        "type": "greenbelt"
      },
      "geometry": {
        "type": "Polygon",
        "coordinates": [
          [
            [
              121.41872157399423,
              28.65595130112355
            ],
            [
              121.4187217536016,
              28.655952039403736
            ],
            [
              121.41875439303269,
              28.656086204366744
            ],
            [
              121.41880387388814,
              28.656089047187635
            ],
            [
              121.41880474552104,
              28.65608923848161
            ],
            [
              121.41880562077483,
              28.65608941644805
            ],
            [
              121.4188064993876,
              28.656089581033694
            ],
            [
              121.41880738109646,
              28.656089732189315
            ],
            [
              121.41880826563758,
              28.65608986986966
            ],
            [
              121.41880915274628,
              28.65608999403355
            ],
            [
              121.4188100421571,
              28.65609010464382
            ],
            [
              121.41881093360395,
              28.656090201667364
            ],
            [
              121.41881182682006,
              28.656090285075187
            ],
            [
              121.41881272153817,
              28.656090354842306
            ],
            [
              121.41881361749056,
              28.656090410947833
            ],
            [
              121.41881451440912,
              28.656090453375008
            ],
            [
              121.41881541202551,
              28.656090482111114
            ],
            [
              121.41881631007112,
              28.656090497147556
            ],
            [
              121.41881720827723,
              28.656090498479838
            ],
            [
              121.4188181063751,
              28.656090486107576
            ],
            [
              121.41881900409597,
              28.656090460034445
            ],
            [
              121.41881990117125,
              28.656090420268274
            ],
            [
              121.41882079733249,
              28.656090366820944
            ],
            [
              121.41882169231154,
              28.656090299708453
            ],
            [
              121.41882258584063,
              28.656090218950876
            ],
            [
              121.41882347765237,
              28.656090124572387
            ],
            [
              121.41882436747991,
              28.656090016601226
            ],
            [
              121.41882525505702,
              28.656089895069687
            ],
            [
              121.41882614011809,
              28.65608976001415
            ],
            [
              121.41882702239829,
              28.656089611475018
            ],
            [
              121.41882790163363,
              28.656089449496736
            ],
            [
              121.41882877756103,
              28.656089274127783
            ],
            [
              121.4188296499184,
              28.656089085420625
            ],
            [
              121.41883051844468,
              28.656088883431728
            ],
            [
              121.41883138288001,
              28.656088668221535
            ],
            [
              121.41883224296573,
              28.656088439854436
            ],
            [
              121.41883309844448,
              28.65608819839877
            ],
            [
              121.41883394906029,
              28.656087943926778
            ],
            [
              121.4188347945586,
              28.656087676514613
            ],
            [
              121.41883563468647,
              28.656087396242278
            ],
            [
              121.4188364691925,
              28.656087103193645
            ],
            [
              121.41883729782697,
              28.656086797456403
            ],
            [
              121.41883812034195,
              28.656086479122028
            ],
            [
              121.4188389364913,
              28.656086148285784
            ],
            [
              121.41883974603084,
              28.656085805046647
            ],
            [
              121.41884054871832,
              28.656085449507344
            ],
            [
              121.41884134431358,
              28.656085081774243
            ],
            [
              121.41884213257852,
              28.656084701957386
            ],
            [
              121.41884291327732,
              28.656084310170414
            ],
            [
              121.41884368617634,
              28.656083906530576
            ],
            [
              121.41884445104434,
              28.656083491158633
            ],
            [
              121.41884520765244,
              28.656083064178873
            ],
            [
              121.41884595577424,
              28.656082625719073
            ],
            [
              121.41884669518589,
              28.656082175910413
            ],
            [
              121.41884742566616,
              28.6560817148875
            ],
            [
              121.41884814699645,
              28.656081242788275
            ],
            [
              121.41884885896093,
              28.656080759753994
            ],
            [
              121.41884956134658,
              28.656080265929205
            ],
            [
              121.41885025394319,
              28.656079761461676
            ],
            [
              121.41885093654356,
              28.65607924650233
            ],
            [
              121.41885160894343,
              28.65607872120527
            ],
            [
              121.4188522709416,
              28.65607818572769
            ],
            [
              121.41885292233998,
              28.65607764022979
            ],
            [
              121.41885356294367,
              28.65607708487481
            ],
            [
              121.41885419256097,
              28.656076519828915
            ],
            [
              121.41885481100351,
              28.656075945261193
            ],
            [
              121.41885541808621,
              28.65607536134356
            ],
            [
              121.41885601362743,
              28.65607476825073
            ],
            [
              121.41885659744898,
              28.656074166160188
            ],
            [
              121.41885716937617,
              28.656073555252075
            ],
            [
              121.41885772923784,
              28.656072935709194
            ],
            [
              121.41885827686649,
              28.656072307716943
            ],
            [
              121.41885881209824,
              28.65607167146319
            ],
            [
              121.41885511635567,
              28.656069582306976
            ],
            [
              121.41885146104761,
              28.65606743851683
            ],
            [
              121.41884784721202,
              28.65606524070152
            ],
            [
              121.41884427587506,
              28.65606298948514
            ],
            [
              121.41884074805083,
              28.656060685506915
            ],
            [
              121.41883726474107,
              28.656058329421082
            ],
            [
              121.41883382693491,
              28.65605592189668
            ],
            [
              121.41883043560851,
              28.656053463617315
            ],
            [
              121.41882709172485,
              28.656050955281053
            ],
            [
              121.41882379623347,
              28.656048397600138
            ],
            [
              121.41882055007011,
              28.65604579130085
            ],
            [
              121.41881735415654,
              28.65604313712325
            ],
            [
              121.41881420940028,
              28.656040435821016
            ],
            [
              121.41881111669427,
              28.656037688161206
            ],
            [
              121.4188080769167,
              28.656034894924034
            ],
            [
              121.41880509093076,
              28.65603205690263
            ],
            [
              121.4188021595843,
              28.6560291749029
            ],
            [
              121.4187992837097,
              28.65602624974318
            ],
            [
              121.41879646412357,
              28.656023282254125
            ],
            [
              121.41879370162657,
              28.656020273278326
            ],
            [
              121.41879099700309,
              28.656017223670226
            ],
            [
              121.41878835102112,
              28.656014134295756
            ],
            [
              121.41878576443202,
              28.65601100603219
            ],
            [
              121.41878323797025,
              28.656007839767806
            ],
            [
              121.4187807723532,
              28.656004636401676
            ],
            [
              121.418778368281,
              28.656001396843426
            ],
            [
              121.41873641253292,
              28.655944446265604
            ],
            [
              121.41873631579466,
              28.655944346365406
            ],
            [
              121.4187362171036,
              28.655944247962566
            ],
            [
              121.41873611648948,
              28.655944151086803
            ],
            [
              121.4187360139827,
              28.65594405576732
            ],
            [
              121.41873590961418,
              28.655943962032914
            ],
            [
              121.41873580341542,
              28.655943869911855
            ],
            [
              121.41873569541845,
              28.65594377943195
            ],
            [
              121.4187355856559,
              28.65594369062052
            ],
            [
              121.41873547416085,
              28.65594360350434
            ],
            [
              121.41873536096699,
              28.655943518109705
            ],
            [
              121.41873524610847,
              28.6559434344624
            ],
            [
              121.41873512961993,
              28.65594335258766
            ],
            [
              121.41873501153654,
              28.655943272510193
            ],
            [
              121.41873489189395,
              28.655943194254164
            ],
            [
              121.41873477072824,
              28.655943117843208
            ],
            [
              121.41873464807598,
              28.655943043300358
            ],
            [
              121.4187345239742,
              28.655942970648116
            ],
            [
              121.41873439846034,
              28.65594289990842
            ],
            [
              121.41873427157229,
              28.655942831102617
            ],
            [
              121.41873414334833,
              28.655942764251453
            ],
            [
              121.41873401382716,
              28.65594269937512
            ],
            [
              121.41873388304788,
              28.655942636493197
            ],
            [
              121.41873375104994,
              28.655942575624657
            ],
            [
              121.41873361787319,
              28.655942516787864
            ],
            [
              121.4187334835578,
              28.655942460000574
            ],
            [
              121.41873334814433,
              28.655942405279944
            ],
            [
              121.41873321167363,
              28.65594235264245
            ],
            [
              121.41873307418689,
              28.655942302104023
            ],
            [
              121.41873293572559,
              28.65594225367988
            ],
            [
              121.41873279633153,
              28.65594220738464
            ],
            [
              121.41873265604677,
              28.65594216323229
            ],
            [
              121.41873251491366,
              28.655942121236144
            ],
            [
              121.41873237297477,
              28.655942081408888
            ],
            [
              121.41873223027295,
              28.655942043762515
            ],
            [
              121.41873208685126,
              28.655942008308408
            ],
            [
              121.41873194275298,
              28.655941975057264
            ],
            [
              121.41873179802161,
              28.65594194401911
            ],
            [
              121.41873165270081,
              28.655941915203318
            ],
            [
              121.41873150683445,
              28.65594188861858
            ],
            [
              121.41873136046655,
              28.655941864272915
            ],
            [
              121.41873121364127,
              28.655941842173696
            ],
            [
              121.41873106640293,
              28.65594182232756
            ],
            [
              121.41873091879594,
              28.65594180474052
            ],
            [
              121.41873077086488,
              28.655941789417863
            ],
            [
              121.4187306226544,
              28.65594177636423
            ],
            [
              121.41873047420918,
              28.65594176558355
            ],
            [
              121.41873032557406,
              28.655941757079084
            ],
            [
              121.41873017679387,
              28.655941750853394
            ],
            [
              121.41873002791354,
              28.655941746908354
            ],
            [
              121.41872987897797,
              28.65594174524517
            ],
            [
              121.41872973003213,
              28.655941745864318
            ],
            [
              121.41872958112094,
              28.655941748765642
            ],
            [
              121.41872943228937,
              28.655941753948245
            ],
            [
              121.41872928358232,
              28.655941761410578
            ],
            [
              121.41872913504467,
              28.655941771150378
            ],
            [
              121.41872898672125,
              28.6559417831647
            ],
            [
              121.41872883865682,
              28.655941797449927
            ],
            [
              121.41872869089606,
              28.65594181400176
            ],
            [
              121.41872854348357,
              28.655941832815177
            ],
            [
              121.41872839646383,
              28.655941853884517
            ],
            [
              121.41872824988121,
              28.655941877203425
            ],
            [
              121.41872810377994,
              28.65594190276486
            ],
            [
              121.41872795820413,
              28.655941930561095
            ],
            [
              121.41872781319769,
              28.655941960583757
            ],
            [
              121.4187276688044,
              28.65594199282379
            ],
            [
              121.41872752506782,
              28.65594202727145
            ],
            [
              121.41872738203135,
              28.655942063916346
            ],
            [
              121.41872723973813,
              28.655942102747407
            ],
            [
              121.41872709823112,
              28.655942143752945
            ],
            [
              121.418726957553,
              28.655942186920566
            ],
            [
              121.41872681774626,
              28.65594223223724
            ],
            [
              121.41872667885308,
              28.65594227968929
            ],
            [
              121.41872654091537,
              28.655942329262402
            ],
            [
              121.41872640397474,
              28.65594238094162
            ],
            [
              121.41872626807256,
              28.655942434711335
            ],
            [
              121.4187261332498,
              28.655942490555333
            ],
            [
              121.41872599954718,
              28.655942548456753
            ],
            [
              121.41872586700504,
              28.655942608398124
            ],
            [
              121.41872573566336,
              28.655942670361345
            ],
            [
              121.4187256055618,
              28.655942734327745
            ],
            [
              121.41872547673961,
              28.655942800277984
            ],
            [
              121.41872534923569,
              28.6559428681922
            ],
            [
              121.41872522308847,
              28.65594293804985
            ],
            [
              121.41872509833607,
              28.655943009829887
            ],
            [
              121.41872497501612,
              28.655943083510643
            ],
            [
              121.41872485316583,
              28.655943159069864
            ],
            [
              121.41872473282199,
              28.655943236484774
            ],
            [
              121.41872461402089,
              28.655943315731996
            ],
            [
              121.4187244967984,
              28.655943396787606
            ],
            [
              121.4187243811899,
              28.65594347962717
            ],
            [
              121.41872426723027,
              28.655943564225648
            ],
            [
              121.4187241549539,
              28.655943650557543
            ],
            [
              121.4187240443947,
              28.655943738596793
            ],
            [
              121.41872393558599,
              28.65594382831681
            ],
            [
              121.41872382856063,
              28.655943919690554
            ],
            [
              121.41872372335094,
              28.655944012690423
            ],
            [
              121.41872361998863,
              28.655944107288352
            ],
            [
              121.41872351850492,
              28.6559442034558
            ],
            [
              121.41872341893043,
              28.655944301163743
            ],
            [
              121.4187233212952,
              28.65594440038269
            ],
            [
              121.41872322562872,
              28.65594450108271
            ],
            [
              121.41872313195984,
              28.655944603233408
            ],
            [
              121.41872304031683,
              28.655944706803933
            ],
            [
              121.41872295072736,
              28.655944811763057
            ],
            [
              121.41872286321845,
              28.65594491807911
            ],
            [
              121.41872277781651,
              28.65594502572
            ],
            [
              121.41872269454733,
              28.655945134653223
            ],
            [
              121.41872261343603,
              28.655945244845913
            ],
            [
              121.41872253450708,
              28.65594535626484
            ],
            [
              121.4187224577843,
              28.655945468876347
            ],
            [
              121.41872238329086,
              28.655945582646464
            ],
            [
              121.41872231104922,
              28.655945697540858
            ],
            [
              121.41872224108121,
              28.655945813524855
            ],
            [
              121.41872217340791,
              28.655945930563444
            ],
            [
              121.41872210804978,
              28.65594604862131
            ],
            [
              121.41872204502651,
              28.65594616766283
            ],
            [
              121.41872198435715,
              28.655946287652085
            ],
            [
              121.41872192605997,
              28.655946408552847
            ],
            [
              121.41872187015261,
              28.655946530328638
            ],
            [
              121.41872181665191,
              28.655946652942692
            ],
            [
              121.41872176557402,
              28.655946776358046
            ],
            [
              121.41872171693437,
              28.655946900537412
            ],
            [
              121.41872167074762,
              28.655947025443332
            ],
            [
              121.41872162702772,
              28.655947151038113
            ],
            [
              121.41872158578786,
              28.65594727728385
            ],
            [
              121.41872154704049,
              28.655947404142445
            ],
            [
              121.4187215107973,
              28.655947531575617
            ],
            [
              121.41872147706923,
              28.655947659544903
            ],
            [
              121.41872144586644,
              28.655947788011673
            ],
            [
              121.41872141719837,
              28.655947916937187
            ],
            [
              121.41872139107367,
              28.655948046282504
            ],
            [
              121.41872136750023,
              28.65594817600862
            ],
            [
              121.41872134648513,
              28.65594830607636
            ],
            [
              121.41872132803475,
              28.655948436446483
            ],
            [
              121.41872131215463,
              28.655948567079644
            ],
            [
              121.41872129884958,
              28.655948697936424
            ],
            [
              121.41872128812362,
              28.655948828977323
            ],
            [
              121.41872127997996,
              28.655948960162807
            ],
            [
              121.41872127442109,
              28.655949091453273
            ],
            [
              121.41872127144867,
              28.655949222809106
            ],
            [
              121.4187212710636,
              28.655949354190664
            ],
            [
              121.41872127326599,
              28.655949485558303
            ],
            [
              121.41872127805519,
              28.65594961687237
            ],
            [
              121.41872128542974,
              28.65594974809323
            ],
            [
              121.41872129538743,
              28.655949879181307
            ],
            [
              121.41872130792522,
              28.65595001009701
            ],
            [
              121.41872132303938,
              28.655950140800847
            ],
            [
              121.41872134072531,
              28.655950271253378
            ],
            [
              121.41872136097768,
              28.65595040141524
            ],
            [
              121.41872138379038,
              28.65595053124713
            ],
            [
              121.41872140915653,
              28.65595066070987
            ],
            [
              121.41872143706848,
              28.6559507897644
            ],
            [
              121.41872146751778,
              28.65595091837177
            ],
            [
              121.41872150049528,
              28.65595104649317
            ],
            [
              121.418721535991,
              28.65595117408993
            ],
            [
              121.41872157399423,
              28.65595130112355
            ]
          ]
        ]
      }
    },
    {
      "type": "Feature",
      "id": 10,
      "properties": {
        "fid": 10,
        "green_id": null,
        "green_type": null,
        "source": null,
        "id": "GRN-010",
        "type": "greenbelt"
      },
      "geometry": {
        "type": "Polygon",
        "coordinates": [
          [
            [
              121.41893624374055,
              28.656110320448878
            ],
            [
              121.41893159168023,
              28.656149293786594
            ],
            [
              121.41894195742805,
              28.656190159010492
            ],
            [
              121.41902365383118,
              28.656172679877653
            ],
            [
              121.4190641509491,
              28.656164015405736
            ],
            [
              121.41906431544402,
              28.656163959619768
            ],
            [
              121.41906447881084,
              28.656163901311608
            ],
            [
              121.41906464099986,
              28.656163840498994
            ],
            [
              121.41906480196175,
              28.656163777200423
            ],
            [
              121.4190649616475,
              28.65616371143516
            ],
            [
              121.41906512000858,
              28.656163643223195
            ],
            [
              121.41906527699679,
              28.656163572585303
            ],
            [
              121.41906543256435,
              28.656163499542956
            ],
            [
              121.41906558666396,
              28.656163424118382
            ],
            [
              121.41906573924874,
              28.656163346334523
            ],
            [
              121.41906589027224,
              28.65616326621506
            ],
            [
              121.41906603968854,
              28.65616318378435
            ],
            [
              121.41906618745217,
              28.65616309906747
            ],
            [
              121.41906633351819,
              28.656163012090207
            ],
            [
              121.41906647784215,
              28.65616292287901
            ],
            [
              121.41906662038015,
              28.656162831461018
            ],
            [
              121.41906676108881,
              28.65616273786406
            ],
            [
              121.41906689992535,
              28.656162642116595
            ],
            [
              121.41906703684752,
              28.65616254424776
            ],
            [
              121.41906717181365,
              28.656162444287315
            ],
            [
              121.4190673047827,
              28.65616234226569
            ],
            [
              121.41906743571421,
              28.656162238213923
            ],
            [
              121.41906756456834,
              28.656162132163644
            ],
            [
              121.4190676913059,
              28.65616202414714
            ],
            [
              121.41906781588833,
              28.656161914197273
            ],
            [
              121.4190679382777,
              28.65616180234747
            ],
            [
              121.41906805843682,
              28.656161688631794
            ],
            [
              121.41906817632912,
              28.656161573084805
            ],
            [
              121.41906829191873,
              28.65616145574168
            ],
            [
              121.41906840517048,
              28.656161336638117
            ],
            [
              121.41906851604992,
              28.656161215810332
            ],
            [
              121.41906862452332,
              28.656161093295093
            ],
            [
              121.41906873055767,
              28.656160969129687
            ],
            [
              121.41906883412072,
              28.65616084335187
            ],
            [
              121.41906893518096,
              28.656160715999924
            ],
            [
              121.41906903370764,
              28.65616058711258
            ],
            [
              121.4190691296708,
              28.656160456729044
            ],
            [
              121.41906922304123,
              28.656160324889004
            ],
            [
              121.41906931379054,
              28.656160191632548
            ],
            [
              121.41906940189111,
              28.65616005700023
            ],
            [
              121.41906948731614,
              28.656159921032984
            ],
            [
              121.41906957003962,
              28.65615978377221
            ],
            [
              121.41906965003643,
              28.656159645259645
            ],
            [
              121.41906972728219,
              28.656159505537453
            ],
            [
              121.41906980175342,
              28.656159364648108
            ],
            [
              121.41906987342747,
              28.656159222634486
            ],
            [
              121.41906994228252,
              28.656159079539798
            ],
            [
              121.41907000829762,
              28.656158935407568
            ],
            [
              121.41907007145271,
              28.656158790281662
            ],
            [
              121.41907013172855,
              28.6561586442062
            ],
            [
              121.4190701891068,
              28.656158497225658
            ],
            [
              121.41907024357003,
              28.656158349384732
            ],
            [
              121.41907029510165,
              28.65615820072839
            ],
            [
              121.41907034368599,
              28.656158051301887
            ],
            [
              121.41907038930827,
              28.65615790115066
            ],
            [
              121.41907043195462,
              28.656157750320386
            ],
            [
              121.41907047161205,
              28.656157598856964
            ],
            [
              121.41907050826849,
              28.65615744680648
            ],
            [
              121.4190705419128,
              28.656157294215163
            ],
            [
              121.41907057253475,
              28.656157141129473
            ],
            [
              121.41907060012502,
              28.656156987595953
            ],
            [
              121.4190706246752,
              28.656156833661335
            ],
            [
              121.41907064617784,
              28.65615667937243
            ],
            [
              121.4190706646264,
              28.65615652477619
            ],
            [
              121.41907068001525,
              28.656156369919636
            ],
            [
              121.41907069233973,
              28.656156214849894
            ],
            [
              121.41907070159607,
              28.656156059614137
            ],
            [
              121.41907070778147,
              28.65615590425958
            ],
            [
              121.41907071089403,
              28.656155748833488
            ],
            [
              121.41907071093281,
              28.656155593383172
            ],
            [
              121.41907070789782,
              28.656155437955903
            ],
            [
              121.41907070178996,
              28.656155282598966
            ],
            [
              121.41907069261109,
              28.656155127359618
            ],
            [
              121.41907068036402,
              28.65615497228511
            ],
            [
              121.41907066505244,
              28.656154817422593
            ],
            [
              121.41907064668104,
              28.6561546628192
            ],
            [
              121.4190706252554,
              28.65615450852197
            ],
            [
              121.41907060078204,
              28.65615435457783
            ],
            [
              121.4190705732684,
              28.65615420103361
            ],
            [
              121.41907054272286,
              28.656154047936035
            ],
            [
              121.4190705091547,
              28.65615389533168
            ],
            [
              121.41907047257413,
              28.656153743266962
            ],
            [
              121.41907043299231,
              28.65615359178817
            ],
            [
              121.41907039042125,
              28.656153440941353
            ],
            [
              121.41907034487392,
              28.656153290772426
            ],
            [
              121.41907029636415,
              28.656153141327074
            ],
            [
              121.41907024490672,
              28.656152992650732
            ],
            [
              121.41907019051729,
              28.656152844788675
            ],
            [
              121.41907013321239,
              28.656152697785867
            ],
            [
              121.41907007300946,
              28.65615255168702
            ],
            [
              121.41907000992683,
              28.656152406536595
            ],
            [
              121.41906994398366,
              28.656152262378743
            ],
            [
              121.41906987520004,
              28.656152119257346
            ],
            [
              121.41906980359688,
              28.656151977215906
            ],
            [
              121.41906972919598,
              28.656151836297646
            ],
            [
              121.41906965201996,
              28.656151696545457
            ],
            [
              121.4190695720923,
              28.656151558001852
            ],
            [
              121.41906948943732,
              28.656151420708973
            ],
            [
              121.41906940408018,
              28.65615128470858
            ],
            [
              121.41906931604682,
              28.656151150042064
            ],
            [
              121.41906922536404,
              28.656151016750385
            ],
            [
              121.41906913205942,
              28.656150884874087
            ],
            [
              121.41906903616135,
              28.65615075445331
            ],
            [
              121.41906893769901,
              28.656150625527708
            ],
            [
              121.41906883670235,
              28.656150498136533
            ],
            [
              121.4190687332021,
              28.656150372318514
            ],
            [
              121.41906862722973,
              28.65615024811193
            ],
            [
              121.41906851881751,
              28.65615012555459
            ],
            [
              121.4190684079984,
              28.65615000468377
            ],
            [
              121.41906829480612,
              28.65614988553623
            ],
            [
              121.4190681792751,
              28.65614976814823
            ],
            [
              121.4190680614405,
              28.656149652555474
            ],
            [
              121.41906794133817,
              28.656149538793134
            ],
            [
              121.41906781900462,
              28.656149426895837
            ],
            [
              121.4190676944771,
              28.656149316897586
            ],
            [
              121.41906756779349,
              28.65614920883188
            ],
            [
              121.41906743899233,
              28.656149102731565
            ],
            [
              121.4189378772156,
              28.656109583684874
            ],
            [
              121.41893705686147,
              28.65610994582823
            ],
            [
              121.41893624374055,
              28.656110320448878
            ]
          ]
        ]
      }
    },
    {
      "type": "Feature",
      "id": 11,
      "properties": {
        "fid": 11,
        "green_id": null,
        "green_type": null,
        "source": null,
        "id": "GRN-011",
        "type": "greenbelt"
      },
      "geometry": {
        "type": "Polygon",
        "coordinates": [
          [
            [
              121.4185380466466,
              28.65626803042142
            ],
            [
              121.41853722184635,
              28.656266212468093
            ],
            [
              121.41853643289514,
              28.656264382177127
            ],
            [
              121.41853568003005,
              28.656262540098464
            ],
            [
              121.41853496347726,
              28.656260686785615
            ],
            [
              121.41853428345212,
              28.656258822795483
            ],
            [
              121.41853364015893,
              28.65625694868815
            ],
            [
              121.41853303379101,
              28.656255065026745
            ],
            [
              121.41853246453054,
              28.656253172377276
            ],
            [
              121.41853193254859,
              28.656251271308456
            ],
            [
              121.418531438005,
              28.65624936239151
            ],
            [
              121.41853098104836,
              28.656247446200034
            ],
            [
              121.41853056181598,
              28.656245523309813
            ],
            [
              121.41853018043383,
              28.65624359429863
            ],
            [
              121.41852983701652,
              28.656241659746115
            ],
            [
              121.41852953166722,
              28.65623972023356
            ],
            [
              121.41852926447768,
              28.65623777634378
            ],
            [
              121.41852903552818,
              28.65623582866084
            ],
            [
              121.41852884488753,
              28.65623387777
            ],
            [
              121.41852869261301,
              28.65623192425746
            ],
            [
              121.41852857875035,
              28.656229968710207
            ],
            [
              121.41852850333377,
              28.656228011715854
            ],
            [
              121.41852846638596,
              28.656226053862444
            ],
            [
              121.41852846791798,
              28.656224095738267
            ],
            [
              121.41852850792938,
              28.656222137931703
            ],
            [
              121.4185340390258,
              28.656220694864867
            ],
            [
              121.41853959612443,
              28.656219331736768
            ],
            [
              121.41854517774046,
              28.656218048911605
            ],
            [
              121.41855078238255,
              28.656216846732164
            ],
            [
              121.4185564085532,
              28.65621572551963
            ],
            [
              121.41856205474916,
              28.656214685573577
            ],
            [
              121.4185677194618,
              28.656213727171888
            ],
            [
              121.4185734011776,
              28.656212850570633
            ],
            [
              121.41857909837844,
              28.656212056004023
            ],
            [
              121.4185848095421,
              28.656211343684355
            ],
            [
              121.41859535234809,
              28.65625663117366
            ],
            [
              121.4185380466466,
              28.65626803042142
            ]
          ]
        ]
      }
    },
    {
      "type": "Feature",
      "id": 12,
      "properties": {
        "fid": 12,
        "green_id": null,
        "green_type": null,
        "source": null,
        "id": "GRN-012",
        "type": "greenbelt"
      },
      "geometry": {
        "type": "Polygon",
        "coordinates": [
          [
            [
              121.41831355233492,
              28.656289006771104
            ],
            [
              121.41827777181763,
              28.656309762557257
            ],
            [
              121.41827768853521,
              28.656309811155833
            ],
            [
              121.41827760622482,
              28.656309861026212
            ],
            [
              121.41827752491143,
              28.656309912153283
            ],
            [
              121.41827744461968,
              28.656309964521537
            ],
            [
              121.41827736537392,
              28.65631001811511
            ],
            [
              121.4182772871982,
              28.656310072917734
            ],
            [
              121.4182772101162,
              28.6563101289128
            ],
            [
              121.41827713415131,
              28.656310186083314
            ],
            [
              121.41827705932656,
              28.65631024441196
            ],
            [
              121.41827698566463,
              28.656310303881035
            ],
            [
              121.4182769131879,
              28.656310364472496
            ],
            [
              121.41827684191828,
              28.656310426167998
            ],
            [
              121.41827677187744,
              28.656310488948815
            ],
            [
              121.4182767030866,
              28.656310552795905
            ],
            [
              121.41827663556663,
              28.656310617689922
            ],
            [
              121.41827656933798,
              28.65631068361117
            ],
            [
              121.41827650442075,
              28.656310750539674
            ],
            [
              121.4182764408346,
              28.656310818455125
            ],
            [
              121.41827637859886,
              28.65631088733694
            ],
            [
              121.41827631773238,
              28.656310957164223
            ],
            [
              121.41827625825361,
              28.65631102791581
            ],
            [
              121.41827620018059,
              28.65631109957022
            ],
            [
              121.41827614353093,
              28.65631117210576
            ],
            [
              121.4182760883218,
              28.656311245500405
            ],
            [
              121.41827603456997,
              28.65631131973193
            ],
            [
              121.4182759822917,
              28.656311394777784
            ],
            [
              121.41827593150289,
              28.656311470615258
            ],
            [
              121.41827588221891,
              28.6563115472213
            ],
            [
              121.41827583445469,
              28.656311624572727
            ],
            [
              121.41827578822475,
              28.656311702646057
            ],
            [
              121.41827574354309,
              28.65631178141762
            ],
            [
              121.41827570042327,
              28.65631186086354
            ],
            [
              121.41827565887836,
              28.65631194095971
            ],
            [
              121.41827561892094,
              28.656312021681856
            ],
            [
              121.41827558056316,
              28.656312103005483
            ],
            [
              121.41827554381663,
              28.65631218490594
            ],
            [
              121.4182755086925,
              28.656312267358395
            ],
            [
              121.41827547520143,
              28.65631235033783
            ],
            [
              121.41827544335355,
              28.65631243381911
            ],
            [
              121.41827541315854,
              28.656312517776886
            ],
            [
              121.41827538462555,
              28.65631260218573
            ],
            [
              121.41827535776322,
              28.656312687020023
            ],
            [
              121.41827533257973,
              28.656312772254047
            ],
            [
              121.41827530908267,
              28.65631285786196
            ],
            [
              121.4182752872792,
              28.656312943817777
            ],
            [
              121.41827526717593,
              28.656313030095475
            ],
            [
              121.41827524877894,
              28.656313116668873
            ],
            [
              121.41827523209382,
              28.656313203511704
            ],
            [
              121.41827521712563,
              28.656313290597645
            ],
            [
              121.41827520387889,
              28.656313377900283
            ],
            [
              121.41827519235764,
              28.65631346539316
            ],
            [
              121.41827518256537,
              28.65631355304973
            ],
            [
              121.41827517450504,
              28.65631364084342
            ],
            [
              121.41827516817911,
              28.65631372874758
            ],
            [
              121.41827516358947,
              28.65631381673559
            ],
            [
              121.41827516073755,
              28.65631390478076
            ],
            [
              121.41827515962417,
              28.656313992856376
            ],
            [
              121.41827516024972,
              28.656314080935744
            ],
            [
              121.41827516261397,
              28.656314168992143
            ],
            [
              121.4182751667162,
              28.65631425699888
            ],
            [
              121.4182751725552,
              28.65631434492927
            ],
            [
              121.41827518012917,
              28.65631443275663
            ],
            [
              121.41827518943583,
              28.656314520454355
            ],
            [
              121.41827520047235,
              28.656314607995828
            ],
            [
              121.41827521323539,
              28.656314695354514
            ],
            [
              121.41827522772108,
              28.65631478250392
            ],
            [
              121.41827524392501,
              28.65631486941762
            ],
            [
              121.41827526184228,
              28.656314956069245
            ],
            [
              121.41827528146746,
              28.656315042432546
            ],
            [
              121.4182753027946,
              28.656315128481307
            ],
            [
              121.4182753258172,
              28.65631521418945
            ],
            [
              121.41827535052833,
              28.656315299530984
            ],
            [
              121.41827537692048,
              28.656315384480024
            ],
            [
              121.41827540498562,
              28.656315469010796
            ],
            [
              121.41827543471526,
              28.656315553097702
            ],
            [
              121.41827546610038,
              28.656315636715224
            ],
            [
              121.41827549913148,
              28.656315719837995
            ],
            [
              121.41827553379852,
              28.656315802440826
            ],
            [
              121.418275570091,
              28.656315884498653
            ],
            [
              121.4182756079979,
              28.656315965986614
            ],
            [
              121.41827564750774,
              28.656316046879976
            ],
            [
              121.41827568860855,
              28.656316127154216
            ],
            [
              121.41827573128784,
              28.656316206785
            ],
            [
              121.41827577553268,
              28.65631628574817
            ],
            [
              121.41827582132966,
              28.65631636401978
            ],
            [
              121.41827586866488,
              28.656316441576113
            ],
            [
              121.41827591752399,
              28.656316518393627
            ],
            [
              121.41827596789217,
              28.65631659444904
            ],
            [
              121.41827601975416,
              28.656316669719295
            ],
            [
              121.41827607309422,
              28.656316744181552
            ],
            [
              121.41827612789618,
              28.656316817813238
            ],
            [
              121.41827618414342,
              28.65631689059203
            ],
            [
              121.41827624181889,
              28.65631696249585
            ],
            [
              121.41827630090509,
              28.65631703350289
            ],
            [
              121.4182763613841,
              28.65631710359163
            ],
            [
              121.4182764232376,
              28.65631717274082
            ],
            [
              121.41827648644683,
              28.656317240929468
            ],
            [
              121.4182765509926,
              28.656317308136916
            ],
            [
              121.41827661685535,
              28.65631737434277
            ],
            [
              121.41827668401511,
              28.656317439526973
            ],
            [
              121.41827675245152,
              28.65631750366974
            ],
            [
              121.41827682214381,
              28.65631756675163
            ],
            [
              121.41827689307085,
              28.65631762875351
            ],
            [
              121.41827696521115,
              28.656317689656582
            ],
            [
              121.41827703854283,
              28.656317749442366
            ],
            [
              121.41827711304363,
              28.656317808092755
            ],
            [
              121.41827718869098,
              28.656317865589937
            ],
            [
              121.41827726546192,
              28.6563179219165
            ],
            [
              121.4182773433332,
              28.65631797705535
            ],
            [
              121.41827742228118,
              28.65631803098976
            ],
            [
              121.41827750228194,
              28.65631808370339
            ],
            [
              121.4182775833112,
              28.65631813518026
            ],
            [
              121.4182776653444,
              28.65631818540473
            ],
            [
              121.41827774835666,
              28.656318234361596
            ],
            [
              121.41827783232281,
              28.65631828203602
            ],
            [
              121.4182779172174,
              28.656318328413512
            ],
            [
              121.41827800301465,
              28.656318373480037
            ],
            [
              121.41827808968858,
              28.656318417221915
            ],
            [
              121.4182781772129,
              28.65631845962589
            ],
            [
              121.41827826556104,
              28.656318500679088
            ],
            [
              121.41827835470626,
              28.656318540369085
            ],
            [
              121.41827844462148,
              28.656318578683827
            ],
            [
              121.41827853527946,
              28.65631861561169
            ],
            [
              121.4182786266527,
              28.656318651141493
            ],
            [
              121.41827871871348,
              28.656318685262452
            ],
            [
              121.41827881143391,
              28.65631871796423
            ],
            [
              121.41827890478585,
              28.656318749236892
            ],
            [
              121.41827899874102,
              28.656318779070965
            ],
            [
              121.41827909327088,
              28.656318807457403
            ],
            [
              121.41827918834682,
              28.656318834387612
            ],
            [
              121.41827928393997,
              28.656318859853396
            ],
            [
              121.41827938002136,
              28.656318883847057
            ],
            [
              121.41827947656185,
              28.656318906361292
            ],
            [
              121.41827957353217,
              28.656318927389307
            ],
            [
              121.4182796709029,
              28.656318946924713
            ],
            [
              121.41827976864452,
              28.656318964961578
            ],
            [
              121.4182798667274,
              28.656318981494444
            ],
            [
              121.4182799651218,
              28.656318996518277
            ],
            [
              121.41828006379785,
              28.656319010028547
            ],
            [
              121.41828016272567,
              28.656319022021147
            ],
            [
              121.41828026187522,
              28.656319032492437
            ],
            [
              121.41828036121647,
              28.656319041439236
            ],
            [
              121.41828046071929,
              28.656319048858844
            ],
            [
              121.41828056035348,
              28.656319054749005
            ],
            [
              121.41828066008884,
              28.65631905910793
            ],
            [
              121.41828075989514,
              28.656319061934298
            ],
            [
              121.4182808597421,
              28.65631906322726
            ],
            [
              121.41828095959944,
              28.65631906298642
            ],
            [
              121.4182810594369,
              28.656319061211853
            ],
            [
              121.41828115922416,
              28.65631905790408
            ],
            [
              121.41828125893102,
              28.65631905306413
            ],
            [
              121.41828135852721,
              28.656319046693454
            ],
            [
              121.41828145798253,
              28.65631903879399
            ],
            [
              121.41828155726682,
              28.656319029368127
            ],
            [
              121.41828165634998,
              28.656319018418724
            ],
            [
              121.41828175520196,
              28.65631900594911
            ],
            [
              121.41828185379278,
              28.65631899196307
            ],
            [
              121.41844409881321,
              28.656278841187625
            ],
            [
              121.41842350334393,
              28.65622145754384
            ],
            [
              121.41831355233492,
              28.656289006771104
            ]
          ]
        ]
      }
    },
    {
      "type": "Feature",
      "id": 13,
      "properties": {
        "fid": 13,
        "green_id": null,
        "green_type": null,
        "source": null,
        "id": "GRN-013",
        "type": "greenbelt"
      },
      "geometry": {
        "type": "Polygon",
        "coordinates": [
          [
            [
              121.41856706965032,
              28.6561351404413
            ],
            [
              121.41846863471824,
              28.656144691655207
            ],
            [
              121.41847370505123,
              28.65613748968305
            ],
            [
              121.4184786370141,
              28.65613021333595
            ],
            [
              121.41848342920504,
              28.656122864682143
            ],
            [
              121.41848808026195,
              28.656115445810347
            ],
            [
              121.41849258886288,
              28.656107958829313
            ],
            [
              121.41849695372633,
              28.656100405867086
            ],
            [
              121.41850117361169,
              28.656092789070506
            ],
            [
              121.41850524731954,
              28.656085110604536
            ],
            [
              121.41850917369202,
              28.656077372651687
            ],
            [
              121.41851295161314,
              28.656069577411348
            ],
            [
              121.41851658000911,
              28.656061727099218
            ],
            [
              121.41852005784865,
              28.65605382394663
            ],
            [
              121.41852338414326,
              28.656045870199968
            ],
            [
              121.41852655794752,
              28.65603786811994
            ],
            [
              121.41852957835935,
              28.656029819981057
            ],
            [
              121.4185324445203,
              28.656021728070865
            ],
            [
              121.41853250287892,
              28.656021668761433
            ],
            [
              121.41853256239335,
              28.656021610352454
            ],
            [
              121.41853262304573,
              28.65602155286144
            ],
            [
              121.41853268481788,
              28.656021496305655
            ],
            [
              121.41853274769126,
              28.656021440702048
            ],
            [
              121.41853281164698,
              28.656021386067327
            ],
            [
              121.4185328766659,
              28.65602133241785
            ],
            [
              121.41853294272849,
              28.65602127976972
            ],
            [
              121.41853300981494,
              28.656021228138748
            ],
            [
              121.4185330779051,
              28.656021177540403
            ],
            [
              121.41853314697858,
              28.65602112798988
            ],
            [
              121.41853321701463,
              28.65602107950204
            ],
            [
              121.41853328799225,
              28.656021032091413
            ],
            [
              121.41853335989015,
              28.656020985772244
            ],
            [
              121.41853343268676,
              28.65602094055842
            ],
            [
              121.41853350636023,
              28.656020896463495
            ],
            [
              121.41853358088848,
              28.65602085350072
            ],
            [
              121.41853365624912,
              28.65602081168296
            ],
            [
              121.41853373241959,
              28.65602077102278
            ],
            [
              121.418533809377,
              28.656020731532358
            ],
            [
              121.41853388709826,
              28.656020693223564
            ],
            [
              121.41853396556009,
              28.656020656107867
            ],
            [
              121.41853404473892,
              28.656020620196408
            ],
            [
              121.418534124611,
              28.656020585499977
            ],
            [
              121.41853420515238,
              28.65602055202896
            ],
            [
              121.4185342863389,
              28.656020519793408
            ],
            [
              121.4185343681462,
              28.65602048880299
            ],
            [
              121.41853445054973,
              28.656020459067012
            ],
            [
              121.41853453352476,
              28.65602043059438
            ],
            [
              121.41853461704643,
              28.65602040339366
            ],
            [
              121.41853470108967,
              28.656020377472974
            ],
            [
              121.41853478562926,
              28.656020352840123
            ],
            [
              121.41853487063985,
              28.6560203295025
            ],
            [
              121.41853495609593,
              28.656020307467095
            ],
            [
              121.41853504197186,
              28.656020286740528
            ],
            [
              121.41853512824188,
              28.65602026732901
            ],
            [
              121.41853521488011,
              28.65602024923836
            ],
            [
              121.41853530186057,
              28.656020232474017
            ],
            [
              121.41853538915716,
              28.656020217041
            ],
            [
              121.41853547674367,
              28.656020202943935
            ],
            [
              121.41853556459385,
              28.656020190187075
            ],
            [
              121.41853565268134,
              28.65602017877422
            ],
            [
              121.41853574097972,
              28.656020168708814
            ],
            [
              121.41853582946248,
              28.65602015999385
            ],
            [
              121.41853591810309,
              28.65602015263198
            ],
            [
              121.41853600687496,
              28.656020146625377
            ],
            [
              121.41853609575146,
              28.656020141975862
            ],
            [
              121.41853618470593,
              28.656020138684834
            ],
            [
              121.41853627371167,
              28.65602013675327
            ],
            [
              121.41853636274197,
              28.656020136181752
            ],
            [
              121.41853645177017,
              28.656020136970447
            ],
            [
              121.41853654076951,
              28.65602013911913
            ],
            [
              121.4185366297133,
              28.65602014262713
            ],
            [
              121.41853671857488,
              28.656020147493418
            ],
            [
              121.41853680732758,
              28.656020153716543
            ],
            [
              121.41853689594478,
              28.656020161294624
            ],
            [
              121.41853698439989,
              28.656020170225386
            ],
            [
              121.41853707266637,
              28.656020180506147
            ],
            [
              121.41853716071773,
              28.656020192133827
            ],
            [
              121.41853724852758,
              28.65602020510495
            ],
            [
              121.41853733606958,
              28.656020219415602
            ],
            [
              121.41853742331743,
              28.656020235061508
            ],
            [
              121.41853751024499,
              28.656020252037973
            ],
            [
              121.41853759682618,
              28.656020270339887
            ],
            [
              121.41853768303501,
              28.656020289961788
            ],
            [
              121.41853776884564,
              28.65602031089775
            ],
            [
              121.4185378542323,
              28.65602033314152
            ],
            [
              121.41853793916938,
              28.656020356686433
            ],
            [
              121.41853802363143,
              28.65602038152541
            ],
            [
              121.41853810759308,
              28.656020407651
            ],
            [
              121.41853819102914,
              28.65602043505537
            ],
            [
              121.4185382739146,
              28.65602046373029
            ],
            [
              121.41853835622459,
              28.656020493667175
            ],
            [
              121.41853843793442,
              28.656020524857016
            ],
            [
              121.41853851901955,
              28.656020557290493
            ],
            [
              121.41853859945569,
              28.65602059095784
            ],
            [
              121.41853867921868,
              28.656020625848985
            ],
            [
              121.41853875828463,
              28.656020661953445
            ],
            [
              121.41853883662978,
              28.65602069926039
            ],
            [
              121.41853891423064,
              28.656020737758645
            ],
            [
              121.41853899106394,
              28.65602077743663
            ],
            [
              121.41853906710662,
              28.65602081828247
            ],
            [
              121.41853914233589,
              28.656020860283896
            ],
            [
              121.41853921672914,
              28.656020903428313
            ],
            [
              121.41853929026409,
              28.656020947702785
            ],
            [
              121.41853936291866,
              28.656020993094007
            ],
            [
              121.41853943467108,
              28.656021039588392
            ],
            [
              121.41853950549978,
              28.656021087171965
            ],
            [
              121.41853957538355,
              28.656021135830475
            ],
            [
              121.41853964430139,
              28.656021185549307
            ],
            [
              121.41853971223267,
              28.656021236313542
            ],
            [
              121.41853977915697,
              28.656021288107972
            ],
            [
              121.41853984505426,
              28.656021340917036
            ],
            [
              121.41853990990471,
              28.656021394724917
            ],
            [
              121.41853997368891,
              28.65602144951545
            ],
            [
              121.41854003638771,
              28.656021505272207
            ],
            [
              121.4185400979823,
              28.656021561978463
            ],
            [
              121.4185401584542,
              28.656021619617214
            ],
            [
              121.41854021778529,
              28.656021678171136
            ],
            [
              121.41854027595775,
              28.656021737622705
            ],
            [
              121.41854033295412,
              28.65602179795405
            ],
            [
              121.41854038875732,
              28.6560218591471
            ],
            [
              121.41854044335061,
              28.656021921183488
            ],
            [
              121.4185404967176,
              28.656021984044607
            ],
            [
              121.41854054884229,
              28.6560220477116
            ],
            [
              121.41854059970903,
              28.656022112165335
            ],
            [
              121.41854064930259,
              28.656022177386518
            ],
            [
              121.41854069760805,
              28.65602224335556
            ],
            [
              121.41854074461095,
              28.656022310052684
            ],
            [
              121.41854079029717,
              28.656022377457862
            ],
            [
              121.41854083465302,
              28.65602244555091
            ],
            [
              121.41856706965032,
              28.6561351404413
            ]
          ]
        ]
      }
    },
    {
      "type": "Feature",
      "id": 14,
      "properties": {
        "fid": 14,
        "green_id": null,
        "green_type": null,
        "source": null,
        "id": "GRN-014",
        "type": "greenbelt"
      },
      "geometry": {
        "type": "Polygon",
        "coordinates": []
      }
    },
    {
      "type": "Feature",
      "id": 15,
      "properties": {
        "fid": 15,
        "green_id": null,
        "green_type": null,
        "source": null,
        "id": "GRN-015",
        "type": "greenbelt"
      },
      "geometry": {
        "type": "Polygon",
        "coordinates": [
          [
            [
              121.41860473529273,
              28.65665277023808
            ],
            [
              121.41860887149414,
              28.656655906038115
            ],
            [
              121.41861294572928,
              28.656659104332014
            ],
            [
              121.41861695678467,
              28.656662364167232
            ],
            [
              121.41862090346574,
              28.6566656845729
            ],
            [
              121.418624784597,
              28.656669064560084
            ],
            [
              121.41862859902253,
              28.656672503122124
            ],
            [
              121.41863234560627,
              28.656675999234913
            ],
            [
              121.41863602323238,
              28.65667955185719
            ],
            [
              121.41863963080553,
              28.656683159930896
            ],
            [
              121.41864316725125,
              28.656686822381417
            ],
            [
              121.41864663151628,
              28.65669053811796
            ],
            [
              121.41865002256885,
              28.65669430603386
            ],
            [
              121.41865333939899,
              28.656698125006926
            ],
            [
              121.41865658101884,
              28.656701993899734
            ],
            [
              121.41865974646291,
              28.65670591156002
            ],
            [
              121.41866283478845,
              28.656709876820983
            ],
            [
              121.41866584507564,
              28.65671388850163
            ],
            [
              121.41866877642791,
              28.656717945407156
            ],
            [
              121.4186716279722,
              28.65672204632932
            ],
            [
              121.41867439885924,
              28.656726190046697
            ],
            [
              121.41867708826373,
              28.656730375325168
            ],
            [
              121.41867969538471,
              28.65673460091823
            ],
            [
              121.41868221944566,
              28.656738865567366
            ],
            [
              121.41868465969482,
              28.65674316800243
            ],
            [
              121.41868701540541,
              28.656747506942033
            ],
            [
              121.4186892858758,
              28.656751881093875
            ],
            [
              121.4187197229116,
              28.656743225900374
            ],
            [
              121.41868610982874,
              28.656615472375393
            ],
            [
              121.41860473529273,
              28.65665277023808
            ]
          ]
        ]
      }
    }
  ]
}