{
  "type": "FeatureCollection",
  "name": "标线",
  "crs": {
    "type": "name",
    "properties": {
      "name": "urn:ogc:def:crs:OGC:1.3:CRS84"
    }
  },
  "features": [
    {
      "type": "Feature",
      "id": 1,
      "properties": {
        "fid": 1,
        "mark_type": "车道实线",
        "color": "白",
        "width_m": 0.15,
        "id": "MRK-001",
        "type": "marking"
      },
      "geometry": {
        "type": "LineString",
        "coordinates": [
          [
            121.41831337047215,
            28.65645214439219
          ],
          [
            121.41846687617917,
            28.65642311135122
          ],
          [
            121.41858042842368,
            28.65640162629697
          ]
        ]
      }
    },
    {
      "type": "Feature",
      "id": 2,
      "properties": {
        "fid": 2,
        "mark_type": "停止线",
        "color": "白",
        "width_m": 0.3,
        "id": "MRK-002",
        "type": "marking"
      },
      "geometry": {
        "type": "LineString",
        "coordinates": [
          [
            121.41846667014144,
            28.656422252883637
          ],
          [
            121.41843428277076,
            28.65628884013396
          ]
        ]
      }
    },
    {
      "type": "Feature",
      "id": 3,
      "properties": {
        "fid": 3,
        "mark_type": "车道实线",
        "color": "白",
        "width_m": 0.15,
        "id": "MRK-003",
        "type": "marking"
      },
      "geometry": {
        "type": "LineString",
        "coordinates": [
          [
            121.41844085016562,
            28.656317690968567
          ],
          [
            121.41803278117908,
            28.656396315771858
          ]
        ]
      }
    },
    {
      "type": "Feature",
      "id": 4,
      "properties": {
        "fid": 4,
        "mark_type": "车道实线",
        "color": "白",
        "width_m": 0.15,
        "id": "MRK-004",
        "type": "marking"
      },
      "geometry": {
        "type": "LineString",
        "coordinates": [
          [
            121.41844813937408,
            28.656344286400536
          ],
          [
            121.41803792034618,
            28.65642152150954
          ]
        ]
      }
    },
    {
      "type": "Feature",
      "id": 5,
      "properties": {
        "fid": 5,
        "mark_type": "车道实线",
        "color": "白",
        "width_m": 0.15,
        "id": "MRK-005",
        "type": "marking"
      },
      "geometry": {
        "type": "LineString",
        "coordinates": [
          [
            121.4184551069315,
            28.656369028519695
          ],
          [
            121.4180435952742,
            28.65644935494635
          ]
        ]
      }
    },
    {
      "type": "Feature",
      "id": 6,
      "properties": {
        "fid": 6,
        "mark_type": "车道实线",
        "color": "白",
        "width_m": 0.15,
        "id": "MRK-006",
        "type": "marking"
      },
      "geometry": {
        "type": "LineString",
        "coordinates": [
          [
            121.4184613294011,
            28.656396844529578
          ],
          [
            121.41804895482204,
            28.656475641547143
          ]
        ]
      }
    },
    {
      "type": "Feature",
      "id": 7,
      "properties": {
        "fid": 7,
        "mark_type": "车道实线",
        "color": "白",
        "width_m": 0.15,
        "id": "MRK-007",
        "type": "marking"
      },
      "geometry": {
        "type": "LineString",
        "coordinates": [
          [
            121.41816160712875,
            28.656481505868918
          ],
          [
            121.41805430653665,
            28.656501889717035
          ]
        ]
      }
    },
    {
      "type": "Feature",
      "id": 8,
      "properties": {
        "fid": 8,
        "mark_type": "车道实线",
        "color": "白",
        "width_m": 0.15,
        "id": "MRK-008",
        "type": "marking"
      },
      "geometry": {
        "type": "LineString",
        "coordinates": [
          [
            121.41820786851981,
            28.65647279847682
          ],
          [
            121.41823624041395,
            28.656468505996063
          ]
        ]
      }
    },
    {
      "type": "Feature",
      "id": 9,
      "properties": {
        "fid": 9,
        "mark_type": "车道实线",
        "color": "白",
        "width_m": 0.15,
        "id": "MRK-009",
        "type": "marking"
      },
      "geometry": {
        "type": "LineString",
        "coordinates": [
          [
            121.41826216641223,
            28.656464184939846
          ],
          [
            121.41828355003454,
            28.656459810821868
          ]
        ]
      }
    },
    {
      "type": "Feature",
      "id": 10,
      "properties": {
        "fid": 10,
        "mark_type": "车道实线",
        "color": "白",
        "width_m": 0.15,
        "id": "MRK-010",
        "type": "marking"
      },
      "geometry": {
        "type": "LineString",
        "coordinates": [
          [
            121.41858113187628,
            28.656401326252723
          ],
          [
            121.41858127213719,
            28.656401381980334
          ],
          [
            121.4185814112748,
            28.656401439857383
          ],
          [
            121.41858154924678,
            28.65640149986627
          ],
          [
            121.41858168601115,
            28.656401561988723
          ],
          [
            121.41858182152629,
            28.656401626205852
          ],
          [
            121.418581955751,
            28.656401692498118
          ],
          [
            121.41858208864441,
            28.656401760845323
          ],
          [
            121.4185822201661,
            28.656401831226717
          ],
          [
            121.41858235027607,
            28.65640190362086
          ],
          [
            121.41858247893471,
            28.65640197800573
          ],
          [
            121.41858260610289,
            28.656402054358704
          ],
          [
            121.4185827317419,
            28.65640213265654
          ],
          [
            121.41858285581355,
            28.65640221287543
          ],
          [
            121.41858297828007,
            28.656402294990947
          ],
          [
            121.4185830991042,
            28.65640237897813
          ],
          [
            121.41858321824917,
            28.656402464811414
          ],
          [
            121.41858333567875,
            28.656402552464684
          ],
          [
            121.4185834513572,
            28.656402641911278
          ],
          [
            121.41858356524932,
            28.656402733123976
          ],
          [
            121.41858367732048,
            28.656402826075023
          ],
          [
            121.41858378753658,
            28.656402920736156
          ],
          [
            121.41858389586406,
            28.656403017078567
          ],
          [
            121.41858400226998,
            28.656403115072937
          ],
          [
            121.41858410672197,
            28.656403214689444
          ],
          [
            121.41858420918825,
            28.656403315897805
          ],
          [
            121.41858430963764,
            28.656403418667214
          ],
          [
            121.41858440803956,
            28.656403522966393
          ],
          [
            121.41858450436412,
            28.65640362876362
          ],
          [
            121.41858459858197,
            28.65640373602671
          ],
          [
            121.41858469066446,
            28.656403844723034
          ],
          [
            121.41858478058357,
            28.656403954819506
          ],
          [
            121.41858486831194,
            28.65640406628263
          ],
          [
            121.4185849538229,
            28.656404179078514
          ],
          [
            121.41858503709041,
            28.65640429317281
          ],
          [
            121.41858511808914,
            28.65640440853083
          ],
          [
            121.41858519679445,
            28.656404525117456
          ],
          [
            121.4185852731824,
            28.65640464289724
          ],
          [
            121.41858534722974,
            28.656404761834327
          ],
          [
            121.41858541891393,
            28.656404881892545
          ],
          [
            121.4185854882132,
            28.656405003035356
          ],
          [
            121.41858555510643,
            28.656405125225913
          ],
          [
            121.41858561957328,
            28.65640524842704
          ],
          [
            121.41858568159412,
            28.65640537260123
          ],
          [
            121.41858574115011,
            28.65640549771073
          ],
          [
            121.41858579822312,
            28.65640562371748
          ],
          [
            121.41858585279577,
            28.656405750583115
          ],
          [
            121.41858590485147,
            28.65640587826905
          ],
          [
            121.41858595437438,
            28.65640600673644
          ],
          [
            121.41858600134944,
            28.656406135946206
          ],
          [
            121.41858604576234,
            28.656406265859015
          ],
          [
            121.41858608759958,
            28.656406396435358
          ],
          [
            121.41858612684842,
            28.656406527635514
          ],
          [
            121.41858616349695,
            28.65640665941955
          ],
          [
            121.41858619753398,
            28.656406791747376
          ],
          [
            121.41858622894918,
            28.656406924578725
          ],
          [
            121.41858625773298,
            28.656407057873185
          ],
          [
            121.41858628387662,
            28.656407191590223
          ],
          [
            121.41858630737217,
            28.656407325689134
          ],
          [
            121.41858632821244,
            28.656407460129124
          ],
          [
            121.41858634639112,
            28.65640759486929
          ],
          [
            121.41858636190268,
            28.656407729868633
          ],
          [
            121.41858637474239,
            28.656407865086088
          ],
          [
            121.41858638490635,
            28.656408000480518
          ],
          [
            121.41858639239145,
            28.656408136010707
          ],
          [
            121.41858639719544,
            28.656408271635446
          ],
          [
            121.41858639931684,
            28.656408407313474
          ],
          [
            121.41858639875501,
            28.656408543003486
          ],
          [
            121.41858639551012,
            28.65640867866422
          ],
          [
            121.41858638958315,
            28.656408814254394
          ],
          [
            121.41858638097592,
            28.65640894973275
          ],
          [
            121.41858636969104,
            28.65640908505808
          ],
          [
            121.41858635573195,
            28.656409220189207
          ],
          [
            121.41858633910287,
            28.656409355085003
          ],
          [
            121.4185863198089,
            28.656409489704448
          ],
          [
            121.41858629785587,
            28.656409624006574
          ],
          [
            121.41858627325048,
            28.65640975795054
          ],
          [
            121.41858624600023,
            28.656409891495557
          ],
          [
            121.4185862161134,
            28.656410024601012
          ],
          [
            121.41858618359906,
            28.65641015722642
          ],
          [
            121.41858614846713,
            28.656410289331415
          ],
          [
            121.41858611072828,
            28.65641042087581
          ],
          [
            121.41858607039401,
            28.656410551819587
          ],
          [
            121.4185860274766,
            28.65641068212289
          ],
          [
            121.41858598198905,
            28.656410811746092
          ],
          [
            121.41858593394528,
            28.656410940649742
          ],
          [
            121.41858588335984,
            28.65641106879464
          ],
          [
            121.41858583024816,
            28.65641119614178
          ],
          [
            121.4185857746264,
            28.656411322652424
          ],
          [
            121.41858571651144,
            28.656411448288086
          ],
          [
            121.41858565592102,
            28.656411573010537
          ],
          [
            121.41858559287353,
            28.656411696781827
          ],
          [
            121.41858552738816,
            28.656411819564305
          ],
          [
            121.41858545948486,
            28.656411941320613
          ],
          [
            121.41858538918426,
            28.656412062013693
          ],
          [
            121.41858531650776,
            28.656412181606864
          ],
          [
            121.41858524147747,
            28.656412300063685
          ],
          [
            121.41858516411622,
            28.65641241734817
          ],
          [
            121.41858508444756,
            28.656412533424593
          ],
          [
            121.41858500249569,
            28.65641264825766
          ],
          [
            121.41858491828559,
            28.656412761812433
          ],
          [
            121.41858483184284,
            28.656412874054354
          ],
          [
            121.41858474319378,
            28.656412984949284
          ],
          [
            121.41858465236534,
            28.656413094463467
          ],
          [
            121.41858455938518,
            28.6564132025636
          ],
          [
            121.4185844642816,
            28.65641330921679
          ],
          [
            121.4185843670835,
            28.656413414390588
          ],
          [
            121.41858426782048,
            28.65641351805299
          ],
          [
            121.41858416652272,
            28.656413620172458
          ],
          [
            121.41858406322106,
            28.65641372071793
          ],
          [
            121.41858395794692,
            28.656413819658813
          ],
          [
            121.41858385073233,
            28.656413916964997
          ],
          [
            121.41858374160991,
            28.65641401260687
          ],
          [
            121.41858363061286,
            28.656414106555367
          ],
          [
            121.41858351777495,
            28.65641419878186
          ],
          [
            121.41858340313051,
            28.656414289258336
          ],
          [
            121.41858328671442,
            28.656414377957226
          ],
          [
            121.41858316856211,
            28.65641446485155
          ],
          [
            121.41858304870951,
            28.656414549914906
          ],
          [
            121.41858292719309,
            28.65641463312138
          ],
          [
            121.41858280404982,
            28.656414714445663
          ],
          [
            121.41858267931718,
            28.656414793863018
          ],
          [
            121.4185825530331,
            28.65641487134927
          ],
          [
            121.41858242523602,
            28.656414946880872
          ],
          [
            121.41858229596481,
            28.65641502043481
          ],
          [
            121.4185821652588,
            28.65641509198873
          ],
          [
            121.41858203315776,
            28.656415161520847
          ],
          [
            121.41858189970189,
            28.65641522901
          ],
          [
            121.41858176493179,
            28.656415294435693
          ],
          [
            121.41858162888845,
            28.656415357777977
          ],
          [
            121.41858149161327,
            28.6564154190176
          ],
          [
            121.41858135314801,
            28.656415478135937
          ],
          [
            121.41858121353481,
            28.656415535114974
          ],
          [
            121.41858107281614,
            28.656415589937403
          ],
          [
            121.41858093103481,
            28.65641564258654
          ],
          [
            121.41858078823397,
            28.656415693046352
          ],
          [
            121.41858064445704,
            28.6564157413015
          ],
          [
            121.41858049974779,
            28.656415787337306
          ],
          [
            121.41858035415024,
            28.656415831139746
          ],
          [
            121.41858020770869,
            28.65641587269552
          ],
          [
            121.41858006046768,
            28.656415911991946
          ],
          [
            121.41857991247201,
            28.65641594901711
          ],
          [
            121.41857976376673,
            28.656415983759707
          ],
          [
            121.41857961439706,
            28.6564160162092
          ],
          [
            121.41857946440847,
            28.656416046355705
          ],
          [
            121.41857931384656,
            28.656416074190044
          ],
          [
            121.41857916275717,
            28.65641609970377
          ]
        ]
      }
    },
    {
      "type": "Feature",
      "id": 11,
      "properties": {
        "fid": 11,
        "mark_type": "车道实线",
        "color": "白",
        "width_m": 0.15,
        "id": "MRK-011",
        "type": "marking"
      },
      "geometry": {
        "type": "LineString",
        "coordinates": [
          [
            121.41857991247201,
            28.65641594901711
          ],
          [
            121.41805735948323,
            28.656516863279453
          ]
        ]
      }
    },
    {
      "type": "Feature",
      "id": 12,
      "properties": {
        "fid": 12,
        "mark_type": "停止线",
        "color": "白",
        "width_m": 0.3,
        "id": "MRK-012",
        "type": "marking"
      },
      "geometry": {
        "type": "LineString",
        "coordinates": [
          [
            121.41869188246532,
            28.656637412504107
          ],
          [
            121.41880884289114,
            28.65661483469284
          ]
        ]
      }
    },
    {
      "type": "Feature",
      "id": 13,
      "properties": {
        "fid": 13,
        "mark_type": "车道实线",
        "color": "白",
        "width_m": 0.15,
        "id": "MRK-013",
        "type": "marking"
      },
      "geometry": {
        "type": "LineString",
        "coordinates": [
          [
            121.4188732090017,
            28.656866817597766
          ],
          [
            121.41884929073886,
            28.6567839248262
          ]
        ]
      }
    },
    {
      "type": "Feature",
      "id": 14,
      "properties": {
        "fid": 14,
        "mark_type": "车道实线",
        "color": "白",
        "width_m": 0.15,
        "id": "MRK-014",
        "type": "marking"
      },
      "geometry": {
        "type": "LineString",
        "coordinates": [
          [
            121.41880884289114,
            28.65661483469284
          ],
          [
            121.41884929073886,
            28.6567839248262
          ]
        ]
      }
    },
    {
      "type": "Feature",
      "id": 15,
      "properties": {
        "fid": 15,
        "mark_type": "车道实线",
        "color": "白",
        "width_m": 0.15,
        "id": "MRK-015",
        "type": "marking"
      },
      "geometry": {
        "type": "LineString",
        "coordinates": [
          [
            121.41877952398649,
            28.656620991734194
          ],
          [
            121.41886452037136,
            28.65696715164595
          ]
        ]
      }
    },
    {
      "type": "Feature",
      "id": 16,
      "properties": {
        "fid": 16,
        "mark_type": "车道实线",
        "color": "白",
        "width_m": 0.15,
        "id": "MRK-016",
        "type": "marking"
      },
      "geometry": {
        "type": "LineString",
        "coordinates": [
          [
            121.41875120673575,
            28.656626080406607
          ],
          [
            121.41883813374885,
            28.65697435149022
          ]
        ]
      }
    },
    {
      "type": "Feature",
      "id": 17,
      "properties": {
        "fid": 17,
        "mark_type": "车道实线",
        "color": "白",
        "width_m": 0.15,
        "id": "MRK-017",
        "type": "marking"
      },
      "geometry": {
        "type": "LineString",
        "coordinates": [
          [
            121.41872167663402,
            28.656633525456066
          ],
          [
            121.41881015607922,
            28.65698198546026
          ]
        ]
      }
    },
    {
      "type": "Feature",
      "id": 18,
      "properties": {
        "fid": 18,
        "mark_type": "车道实线",
        "color": "白",
        "width_m": 0.15,
        "id": "MRK-018",
        "type": "marking"
      },
      "geometry": {
        "type": "LineString",
        "coordinates": [
          [
            121.41869623934141,
            28.65663630147631
          ],
          [
            121.4187844476852,
            28.656989000230947
          ]
        ]
      }
    },
    {
      "type": "Feature",
      "id": 19,
      "properties": {
        "fid": 19,
        "mark_type": "车道实线",
        "color": "白",
        "width_m": 0.15,
        "id": "MRK-019",
        "type": "marking"
      },
      "geometry": {
        "type": "LineString",
        "coordinates": [
          [
            121.41899313039819,
            28.656318661524573
          ],
          [
            121.4196389394162,
            28.65619258774978
          ]
        ]
      }
    },
    {
      "type": "Feature",
      "id": 20,
      "properties": {
        "fid": 20,
        "mark_type": "车道实线",
        "color": "白",
        "width_m": 0.15,
        "id": "MRK-020",
        "type": "marking"
      },
      "geometry": {
        "type": "LineString",
        "coordinates": [
          [
            121.41900013532944,
            28.656343005480934
          ],
          [
            121.41964455549204,
            28.656221492675012
          ]
        ]
      }
    },
    {
      "type": "Feature",
      "id": 21,
      "properties": {
        "fid": 21,
        "mark_type": "车道实线",
        "color": "白",
        "width_m": 0.15,
        "id": "MRK-021",
        "type": "marking"
      },
      "geometry": {
        "type": "LineString",
        "coordinates": [
          [
            121.41900606376056,
            28.656370772646458
          ],
          [
            121.41964965583412,
            28.656247743199817
          ]
        ]
      }
    },
    {
      "type": "Feature",
      "id": 22,
      "properties": {
        "fid": 22,
        "mark_type": "车道实线",
        "color": "白",
        "width_m": 0.15,
        "id": "MRK-022",
        "type": "marking"
      },
      "geometry": {
        "type": "LineString",
        "coordinates": [
          [
            121.41901342999373,
            28.656394581115038
          ],
          [
            121.41965475399194,
            28.656273982470932
          ]
        ]
      }
    },
    {
      "type": "Feature",
      "id": 23,
      "properties": {
        "fid": 23,
        "mark_type": "车道实线",
        "color": "白",
        "width_m": 0.15,
        "id": "MRK-023",
        "type": "marking"
      },
      "geometry": {
        "type": "LineString",
        "coordinates": [
          [
            121.41901977748105,
            28.656421117962314
          ],
          [
            121.41965964290289,
            28.656299144776458
          ]
        ]
      }
    },
    {
      "type": "Feature",
      "id": 24,
      "properties": {
        "fid": 24,
        "mark_type": "车道实线",
        "color": "白",
        "width_m": 0.15,
        "id": "MRK-024",
        "type": "marking"
      },
      "geometry": {
        "type": "LineString",
        "coordinates": [
          [
            121.4196615001824,
            28.65630870384207
          ],
          [
            121.41920370575802,
            28.656394032636342
          ]
        ]
      }
    },
    {
      "type": "Feature",
      "id": 25,
      "properties": {
        "fid": 25,
        "mark_type": "停止线",
        "color": "白",
        "width_m": 0.3,
        "id": "MRK-025",
        "type": "marking"
      },
      "geometry": {
        "type": "LineString",
        "coordinates": [
          [
            121.41901988869154,
            28.656424180678957
          ],
          [
            121.41898548218026,
            28.656290164952477
          ]
        ]
      }
    },
    {
      "type": "Feature",
      "id": 26,
      "properties": {
        "fid": 26,
        "mark_type": "车道实线",
        "color": "白",
        "width_m": 0.15,
        "id": "MRK-026",
        "type": "marking"
      },
      "geometry": {
        "type": "LineString",
        "coordinates": [
          [
            121.41920370575802,
            28.656394032636342
          ],
          [
            121.41913697929834,
            28.65643558414504
          ],
          [
            121.41907104289137,
            28.656478105634505
          ],
          [
            121.41906649481727,
            28.656481641855187
          ],
          [
            121.41906201646293,
            28.65648524664269
          ],
          [
            121.41905760915682,
            28.656488918927707
          ],
          [
            121.41905327420628,
            28.65649265762091
          ],
          [
            121.41904901289725,
            28.656496461613255
          ],
          [
            121.41904482649375,
            28.65650032977636
          ],
          [
            121.41904071623766,
            28.656504260962805
          ],
          [
            121.41903668334821,
            28.656508254006447
          ],
          [
            121.41903272902171,
            28.656512307722792
          ],
          [
            121.41902885443116,
            28.656516420909384
          ],
          [
            121.41902506072593,
            28.65652059234612
          ],
          [
            121.41902134903134,
            28.656524820795575
          ],
          [
            121.41901772044845,
            28.656529105003457
          ],
          [
            121.41901417605362,
            28.656533443698923
          ],
          [
            121.41901071689826,
            28.656537835594953
          ],
          [
            121.41900734400848,
            28.65654227938876
          ],
          [
            121.4190040583848,
            28.656546773762162
          ],
          [
            121.41900086100189,
            28.656551317381954
          ],
          [
            121.41899775280821,
            28.65655590890034
          ],
          [
            121.41899473472576,
            28.65656054695534
          ],
          [
            121.41899180764982,
            28.65656523017111
          ],
          [
            121.41898897244869,
            28.656569957158442
          ],
          [
            121.41898622996341,
            28.656574726515156
          ],
          [
            121.41898358100748,
            28.656579536826502
          ],
          [
            121.41898102636672,
            28.65658438666554
          ],
          [
            121.41897856679893,
            28.656589274593657
          ],
          [
            121.41895450344566,
            28.656635042665755
          ],
          [
            121.418931113932,
            28.656681081724223
          ],
          [
            121.41890840218012,
            28.656727384050548
          ]
        ]
      }
    },
    {
      "type": "Feature",
      "id": 27,
      "properties": {
        "fid": 27,
        "mark_type": "车道实线",
        "color": "白",
        "width_m": 0.15,
        "id": "MRK-027",
        "type": "marking"
      },
      "geometry": {
        "type": "LineString",
        "coordinates": [
          [
            121.41907801845976,
            28.656517571630353
          ],
          [
            121.41908320764375,
            28.65651270081456
          ],
          [
            121.41908849080941,
            28.65650790924977
          ],
          [
            121.41909386640135,
            28.656503198346616
          ],
          [
            121.41909933283692,
            28.656498569492044
          ],
          [
            121.41910488850678,
            28.656494024048808
          ],
          [
            121.41911053177527,
            28.65648956335512
          ],
          [
            121.41911626098097,
            28.656485188724236
          ],
          [
            121.41912207443717,
            28.656480901444077
          ],
          [
            121.41912797043233,
            28.656476702776846
          ],
          [
            121.41913394723062,
            28.656472593958657
          ],
          [
            121.41914000307243,
            28.65646857619918
          ],
          [
            121.41914613617486,
            28.656464650681265
          ],
          [
            121.4191523447323,
            28.656460818560614
          ],
          [
            121.4191586269169,
            28.656457080965417
          ],
          [
            121.41916498087912,
            28.656453438996042
          ],
          [
            121.41917140474833,
            28.656449893724723
          ],
          [
            121.41917789663329,
            28.65644644619521
          ],
          [
            121.41918445462274,
            28.656443097422475
          ],
          [
            121.41919107678596,
            28.656439848392417
          ],
          [
            121.41919776117335,
            28.656436700061562
          ],
          [
            121.41920450581696,
            28.656433653356803
          ],
          [
            121.41921130873115,
            28.65643070917511
          ],
          [
            121.41921816791309,
            28.656427868383282
          ],
          [
            121.41922508134337,
            28.65642513181765
          ],
          [
            121.41923204698665,
            28.65642250028387
          ],
          [
            121.4192390627922,
            28.65641997455671
          ],
          [
            121.41924612669452,
            28.65641755537973
          ],
          [
            121.41925323661394,
            28.65641524346518
          ],
          [
            121.41926039045728,
            28.656413039493668
          ],
          [
            121.4192675861184,
            28.656410944114086
          ],
          [
            121.41927482147882,
            28.6564089579433
          ],
          [
            121.41939514994453,
            28.656383836944105
          ]
        ]
      }
    },
    {
      "type": "Feature",
      "id": 28,
      "properties": {
        "fid": 28,
        "mark_type": "车道实线",
        "color": "白",
        "width_m": 0.15,
        "id": "MRK-028",
        "type": "marking"
      },
      "geometry": {
        "type": "LineString",
        "coordinates": [
          [
            121.419008109949,
            28.656606867968087
          ],
          [
            121.41900450206406,
            28.65661231250321
          ],
          [
            121.41900099874717,
            28.656617809913016
          ],
          [
            121.41899760099403,
            28.656623358635112
          ],
          [
            121.41899430977034,
            28.65662895709246
          ],
          [
            121.4189911260115,
            28.65663460369397
          ],
          [
            121.4189880506224,
            28.65664029683481
          ],
          [
            121.4189850844771,
            28.656646034896905
          ],
          [
            121.41898222841863,
            28.656651816249475
          ],
          [
            121.41897948325872,
            28.656657639249392
          ],
          [
            121.4189768497776,
            28.656663502241692
          ],
          [
            121.41897432872373,
            28.65666940356006
          ],
          [
            121.41897192081366,
            28.6566753415273
          ],
          [
            121.41896962673175,
            28.656681314455753
          ],
          [
            121.41896744713003,
            28.656687320647876
          ],
          [
            121.41896538262796,
            28.65669335839665
          ],
          [
            121.41896343381234,
            28.656699425986076
          ],
          [
            121.41896160123704,
            28.656705521691688
          ],
          [
            121.41895988542295,
            28.65671164378102
          ],
          [
            121.4189582868577,
            28.65671779051411
          ],
          [
            121.41895680599566,
            28.65672396014399
          ],
          [
            121.41895544325773,
            28.6567301509172
          ],
          [
            121.41895419903123,
            28.656736361074255
          ],
          [
            121.4189530736698,
            28.656742588850143
          ],
          [
            121.41895206749331,
            28.656748832474893
          ],
          [
            121.41895118078773,
            28.656755090173995
          ],
          [
            121.4189504138051,
            28.656761360168936
          ],
          [
            121.41894976676345,
            28.65676764067771
          ],
          [
            121.41894923984665,
            28.65677392991535
          ],
          [
            121.41894847844598,
            28.656783877597412
          ],
          [
            121.41894790455376,
            28.656793835066033
          ],
          [
            121.41894751832851,
            28.656803799571477
          ],
          [
            121.41894731987693,
            28.656813768362074
          ],
          [
            121.4189473092539,
            28.65682373868502
          ],
          [
            121.41894748646237,
            28.65683370778701
          ],
          [
            121.4189478514535,
            28.656843672915127
          ],
          [
            121.41894840412651,
            28.65685363131754
          ],
          [
            121.41894914432886,
            28.656863580244256
          ],
          [
            121.41895007185622,
            28.656873516947908
          ],
          [
            121.41895118645246,
            28.65688343868452
          ],
          [
            121.41895248780988,
            28.65689334271423
          ],
          [
            121.41895397556914,
            28.656903226302074
          ]
        ]
      }
    },
    {
      "type": "Feature",
      "id": 29,
      "properties": {
        "fid": 29,
        "mark_type": "车道实线",
        "color": "白",
        "width_m": 0.15,
        "id": "MRK-029",
        "type": "marking"
      },
      "geometry": {
        "type": "LineString",
        "coordinates": [
          [
            121.41930997578534,
            28.656420976311516
          ],
          [
            121.41939514994453,
            28.656383836944105
          ]
        ]
      }
    },
    {
      "type": "Feature",
      "id": 30,
      "properties": {
        "fid": 30,
        "mark_type": "车道实线",
        "color": "白",
        "width_m": 0.15,
        "id": "MRK-030",
        "type": "marking"
      },
      "geometry": {
        "type": "LineString",
        "coordinates": [
          [
            121.4192850178523,
            28.656421108731777
          ],
          [
            121.41929912312617,
            28.656403858197255
          ]
        ]
      }
    },
    {
      "type": "Feature",
      "id": 31,
      "properties": {
        "fid": 31,
        "mark_type": "车道实线",
        "color": "白",
        "width_m": 0.15,
        "id": "MRK-031",
        "type": "marking"
      },
      "geometry": {
        "type": "LineString",
        "coordinates": [
          [
            121.41925610414785,
            28.656431673384375
          ],
          [
            121.4192675861184,
            28.656410944114086
          ]
        ]
      }
    },
    {
      "type": "Feature",
      "id": 32,
      "properties": {
        "fid": 32,
        "mark_type": "车道实线",
        "color": "白",
        "width_m": 0.15,
        "id": "MRK-032",
        "type": "marking"
      },
      "geometry": {
        "type": "LineString",
        "coordinates": [
          [
            121.41922477318342,
            28.656443688409585
          ],
          [
            121.41923204698665,
            28.65642250028387
          ]
        ]
      }
    },
    {
      "type": "Feature",
      "id": 33,
      "properties": {
        "fid": 33,
        "mark_type": "车道实线",
        "color": "白",
        "width_m": 0.15,
        "id": "MRK-033",
        "type": "marking"
      },
      "geometry": {
        "type": "LineString",
        "coordinates": [
          [
            121.41919374944827,
            28.656456771144235
          ],
          [
            121.41920450581696,
            28.656433653356803
          ]
        ]
      }
    },
    {
      "type": "Feature",
      "id": 34,
      "properties": {
        "fid": 34,
        "mark_type": "车道实线",
        "color": "白",
        "width_m": 0.15,
        "id": "MRK-034",
        "type": "marking"
      },
      "geometry": {
        "type": "LineString",
        "coordinates": [
          [
            121.41916780969987,
            28.656468715663365
          ],
          [
            121.41917789663329,
            28.65644644619521
          ]
        ]
      }
    },
    {
      "type": "Feature",
      "id": 35,
      "properties": {
        "fid": 35,
        "mark_type": "车道实线",
        "color": "白",
        "width_m": 0.15,
        "id": "MRK-035",
        "type": "marking"
      },
      "geometry": {
        "type": "LineString",
        "coordinates": [
          [
            121.41913769657717,
            28.656482276413616
          ],
          [
            121.41914613617486,
            28.656464650681265
          ]
        ]
      }
    },
    {
      "type": "Feature",
      "id": 36,
      "properties": {
        "fid": 36,
        "mark_type": "车道实线",
        "color": "白",
        "width_m": 0.15,
        "id": "MRK-036",
        "type": "marking"
      },
      "geometry": {
        "type": "LineString",
        "coordinates": [
          [
            121.41911799353375,
            28.656493506544496
          ],
          [
            121.41912207443717,
            28.656480901444077
          ]
        ]
      }
    },
    {
      "type": "Feature",
      "id": 37,
      "properties": {
        "fid": 37,
        "mark_type": "停止线",
        "color": "白",
        "width_m": 0.3,
        "id": "MRK-037",
        "type": "marking"
      },
      "geometry": {
        "type": "LineString",
        "coordinates": [
          [
            121.41904359102733,
            28.656501810491257
          ],
          [
            121.41909886119544,
            28.656549811666356
          ]
        ]
      }
    },
    {
      "type": "Feature",
      "id": 38,
      "properties": {
        "fid": 38,
        "mark_type": "车道实线",
        "color": "白",
        "width_m": 0.15,
        "id": "MRK-038",
        "type": "marking"
      },
      "geometry": {
        "type": "LineString",
        "coordinates": [
          [
            121.41889862904492,
            28.65695784475642
          ],
          [
            121.41886057442973,
            28.656798042012706
          ],
          [
            121.41881378641958,
            28.656613947953385
          ]
        ]
      }
    },
    {
      "type": "Feature",
      "id": 39,
      "properties": {
        "fid": 39,
        "mark_type": "车道实线",
        "color": "白",
        "width_m": 0.15,
        "id": "MRK-039",
        "type": "marking"
      },
      "geometry": {
        "type": "LineString",
        "coordinates": [
          [
            121.41888880824244,
            28.656948103542963
          ],
          [
            121.41888430416793,
            28.65692797299703
          ]
        ]
      }
    },
    {
      "type": "Feature",
      "id": 40,
      "properties": {
        "fid": 40,
        "mark_type": "车道实线",
        "color": "白",
        "width_m": 0.15,
        "id": "MRK-040",
        "type": "marking"
      },
      "geometry": {
        "type": "LineString",
        "coordinates": [
          [
            121.41887918931803,
            28.656906615389676
          ],
          [
            121.4188744431507,
            28.656886539043263
          ]
        ]
      }
    },
    {
      "type": "Feature",
      "id": 41,
      "properties": {
        "fid": 41,
        "mark_type": "停止线",
        "color": "白",
        "width_m": 0.3,
        "id": "MRK-041",
        "type": "marking"
      },
      "geometry": {
        "type": "LineString",
        "coordinates": [
          [
            121.41878572480228,
            28.65645776762023
          ],
          [
            121.41872759734649,
            28.65645725669864
          ]
        ]
      }
    },
    {
      "type": "Feature",
      "id": 42,
      "properties": {
        "fid": 42,
        "mark_type": "车道实线",
        "color": "白",
        "width_m": 0.15,
        "id": "MRK-042",
        "type": "marking"
      },
      "geometry": {
        "type": "LineString",
        "coordinates": [
          [
            121.41872025858208,
            28.657006514789714
          ],
          [
            121.41867853116317,
            28.656830784931433
          ],
          [
            121.41867562242513,
            28.656823395374587
          ],
          [
            121.41867257531591,
            28.65681604933082
          ],
          [
            121.41866939067171,
            28.656808748815898
          ],
          [
            121.41866606936638,
            28.656801495833083
          ],
          [
            121.41866261231135,
            28.656794292372584
          ],
          [
            121.41865902045524,
            28.65678714041103
          ],
          [
            121.4186552947837,
            28.656780041910913
          ],
          [
            121.41865143631907,
            28.656772998820063
          ],
          [
            121.41864744612013,
            28.65676601307114
          ],
          [
            121.41864332528185,
            28.656759086580973
          ],
          [
            121.41863907493497,
            28.656752221250223
          ],
          [
            121.41863469624585,
            28.65674541896273
          ],
          [
            121.418630190416,
            28.656738681585033
          ],
          [
            121.41862555868182,
            28.656732010965868
          ],
          [
            121.41862080231434,
            28.656725408935653
          ],
          [
            121.41857846801565,
            28.656678308301082
          ]
        ]
      }
    },
    {
      "type": "Feature",
      "id": 43,
      "properties": {
        "fid": 43,
        "mark_type": "车道实线",
        "color": "白",
        "width_m": 0.15,
        "id": "MRK-043",
        "type": "marking"
      },
      "geometry": {
        "type": "LineString",
        "coordinates": [
          [
            121.41848586661509,
            28.656616159703265
          ],
          [
            121.41847927337191,
            28.656614045546632
          ],
          [
            121.41847264128002,
            28.656612028144416
          ],
          [
            121.41846597216417,
            28.656610108051684
          ],
          [
            121.41845926785933,
            28.65660828579674
          ],
          [
            121.41845253021013,
            28.656606561880956
          ],
          [
            121.41844576107039,
            28.656604936778674
          ],
          [
            121.41843896230257,
            28.65660341093701
          ],
          [
            121.41843213577732,
            28.656601984775783
          ],
          [
            121.4184252833729,
            28.656600658687413
          ],
          [
            121.4184184069747,
            28.656599433036742
          ],
          [
            121.41841150847469,
            28.65659830816099
          ],
          [
            121.41840458977096,
            28.65659728436968
          ],
          [
            121.41839765276711,
            28.65659636194447
          ],
          [
            121.41839069937184,
            28.656595541139193
          ],
          [
            121.4183837314983,
            28.656594822179667
          ],
          [
            121.41837675106365,
            28.656594205263705
          ],
          [
            121.41836975998848,
            28.656593690561046
          ],
          [
            121.41836276019636,
            28.656593278213315
          ],
          [
            121.41835575361321,
            28.656592968333946
          ],
          [
            121.41834874216686,
            28.656592761008216
          ],
          [
            121.4183423592773,
            28.65659226115907
          ],
          [
            121.4183359677003,
            28.656591856802635
          ],
          [
            121.4183295692719,
            28.656591548055065
          ],
          [
            121.41832316583017,
            28.656591335005057
          ],
          [
            121.4183167592146,
            28.656591217713814
          ],
          [
            121.41831035126556,
            28.656591196215018
          ],
          [
            121.41830394382384,
            28.656591270514856
          ],
          [
            121.41829753873007,
            28.656591440591978
          ],
          [
            121.41829113782421,
            28.656591706397528
          ],
          [
            121.41828474294502,
            28.656592067855158
          ],
          [
            121.41827835592952,
            28.656592524861015
          ],
          [
            121.41827197861248,
            28.65659307728382
          ],
          [
            121.41826561282586,
            28.656593724964896
          ],
          [
            121.41825926039836,
            28.656594467718172
          ],
          [
            121.41825292315478,
            28.656595305330285
          ],
          [
            121.41824660291559,
            28.65659623756062
          ],
          [
            121.4182403014964,
            28.656597264141375
          ],
          [
            121.41823402070735,
            28.65659838477765
          ],
          [
            121.41822776235271,
            28.65659959914752
          ],
          [
            121.41822152823029,
            28.656600906902156
          ],
          [
            121.41821532013093,
            28.656602307665867
          ],
          [
            121.418209139838,
            28.656603801036265
          ],
          [
            121.41820298912688,
            28.656605386584356
          ],
          [
            121.41819686976446,
            28.656607063854683
          ],
          [
            121.4181907835086,
            28.6566088323654
          ],
          [
            121.41818473210772,
            28.65661069160849
          ],
          [
            121.41817871730011,
            28.656612641049858
          ]
        ]
      }
    },
    {
      "type": "Feature",
      "id": 44,
      "properties": {
        "fid": 44,
        "mark_type": "停止线",
        "color": "白",
        "width_m": 0.3,
        "id": "MRK-044",
        "type": "marking"
      },
      "geometry": {
        "type": "LineString",
        "coordinates": [
          [
            121.41879410723632,
            28.656321670304596
          ],
          [
            121.4188022600481,
            28.656375078980012
          ]
        ]
      }
    },
    {
      "type": "Feature",
      "id": 46,
      "properties": {
        "fid": 46,
        "mark_type": "停止线",
        "color": "白",
        "width_m": 0.3,
        "id": "MRK-046",
        "type": "marking"
      },
      "geometry": {
        "type": "LineString",
        "coordinates": [
          [
            121.4186736568296,
            28.656272036363767
          ],
          [
            121.41872980352396,
            28.656268063364895
          ]
        ]
      }
    },
    {
      "type": "Feature",
      "id": 47,
      "properties": {
        "fid": 47,
        "mark_type": "车道实线",
        "color": "白",
        "width_m": 0.15,
        "id": "MRK-047",
        "type": "marking"
      },
      "geometry": {
        "type": "LineString",
        "coordinates": [
          [
            121.41898548218026,
            28.656290164952477
          ],
          [
            121.41908241274584,
            28.656271347316228
          ]
        ]
      }
    },
    {
      "type": "Feature",
      "id": 48,
      "properties": {
        "fid": 48,
        "mark_type": "车道实线",
        "color": "白",
        "width_m": 0.15,
        "id": "MRK-048",
        "type": "marking"
      },
      "geometry": {
        "type": "LineString",
        "coordinates": [
          [
            121.41919385963787,
            28.65625297178155
          ],
          [
            121.4196341346855,
            28.656167858659792
          ]
        ]
      }
    },
    {
      "type": "Feature",
      "id": 49,
      "properties": {
        "fid": 49,
        "mark_type": "车道实线",
        "color": "白",
        "width_m": 0.15,
        "id": "MRK-049",
        "type": "marking"
      },
      "geometry": {
        "type": "LineString",
        "coordinates": [
          [
            121.41898156407831,
            28.656275952214546
          ],
          [
            121.41912400111158,
            28.65625020047061
          ],
          [
            121.41962864610113,
            28.65615199354775
          ]
        ]
      }
    },
    {
      "type": "Feature",
      "id": 50,
      "properties": {
        "fid": 50,
        "mark_type": "停止线",
        "color": "白",
        "width_m": 0.3,
        "id": "MRK-050",
        "type": "marking"
      },
      "geometry": {
        "type": "LineString",
        "coordinates": [
          [
            121.41884057436093,
            28.65605999397381
          ],
          [
            121.41888212881587,
            28.656005580562386
          ]
        ]
      }
    },
    {
      "type": "Feature",
      "id": 51,
      "properties": {
        "fid": 51,
        "mark_type": "车道实线",
        "color": "白",
        "width_m": 0.15,
        "id": "MRK-051",
        "type": "marking"
      },
      "geometry": {
        "type": "LineString",
        "coordinates": [
          [
            121.41884158993003,
            28.656058054967627
          ],
          [
            121.41883625432584,
            28.656053899764228
          ],
          [
            121.41883100172531,
            28.65604966307858
          ],
          [
            121.41882583372755,
            28.656045346200504
          ],
          [
            121.41882075190591,
            28.656040950444254
          ],
          [
            121.4188157578075,
            28.65603647714807
          ],
          [
            121.4188108529527,
            28.656031927673837
          ],
          [
            121.41880603883476,
            28.656027303406578
          ],
          [
            121.41880131691929,
            28.65602260575412
          ],
          [
            121.41879668864382,
            28.656017836146642
          ],
          [
            121.41879215541738,
            28.6560129960362
          ],
          [
            121.41878771862007,
            28.656008086896325
          ],
          [
            121.4187833796026,
            28.656003110221576
          ],
          [
            121.41877913968597,
            28.65599806752707
          ],
          [
            121.41877500016093,
            28.655992960347998
          ],
          [
            121.41877096228775,
            28.655987790239195
          ],
          [
            121.41876702729569,
            28.655982558774664
          ],
          [
            121.4187631963827,
            28.65597726754709
          ],
          [
            121.41875947071509,
            28.65597191816733
          ],
          [
            121.41875585142705,
            28.65596651226398
          ],
          [
            121.41875184145854,
            28.65596123874737
          ],
          [
            121.41874793186764,
            28.655955906910858
          ],
          [
            121.41874412374423,
            28.655950518240804
          ],
          [
            121.41874041814991,
            28.655945074239483
          ],
          [
            121.41873681611769,
            28.65593957642453
          ],
          [
            121.41873331865173,
            28.655934026328627
          ],
          [
            121.41872992672704,
            28.655928425498992
          ],
          [
            121.41872664128915,
            28.655922775497032
          ],
          [
            121.418723463254,
            28.655917077897826
          ],
          [
            121.41872039350748,
            28.655911334289733
          ],
          [
            121.4187174329054,
            28.65590554627394
          ],
          [
            121.41871458227305,
            28.655899715464
          ],
          [
            121.41871184240512,
            28.655893843485423
          ],
          [
            121.41870921406539,
            28.655887931975172
          ],
          [
            121.41870669798656,
            28.655881982581242
          ],
          [
            121.41870429487005,
            28.655875996962173
          ]
        ]
      }
    },
    {
      "type": "Feature",
      "id": 52,
      "properties": {
        "fid": 52,
        "mark_type": "车道实线",
        "color": "白",
        "width_m": 0.15,
        "id": "MRK-052",
        "type": "marking"
      },
      "geometry": {
        "type": "LineString",
        "coordinates": [
          [
            121.41870429487005,
            28.655875996962173
          ],
          [
            121.41867891530474,
            28.655802123897434
          ]
        ]
      }
    },
    {
      "type": "Feature",
      "id": 53,
      "properties": {
        "fid": 53,
        "mark_type": "车道实线",
        "color": "白",
        "width_m": 0.15,
        "id": "MRK-053",
        "type": "marking"
      },
      "geometry": {
        "type": "LineString",
        "coordinates": [
          [
            121.41869681394083,
            28.65571375400864
          ],
          [
            121.41872550926911,
            28.655834197605326
          ],
          [
            121.41872605513757,
            28.65583675754614
          ],
          [
            121.41872665075613,
            28.655839308842346
          ],
          [
            121.41872729594917,
            28.655841850741766
          ],
          [
            121.41872799052649,
            28.65584438249495
          ],
          [
            121.41872873428332,
            28.655846903355503
          ],
          [
            121.41872952700038,
            28.655849412580164
          ],
          [
            121.41873036844393,
            28.655851909429153
          ],
          [
            121.41873125836592,
            28.65585439316634
          ],
          [
            121.41873219650398,
            28.655856863059427
          ],
          [
            121.41873318258152,
            28.655859318380234
          ],
          [
            121.4187342163078,
            28.655861758404843
          ],
          [
            121.41873529737806,
            28.6558641824139
          ],
          [
            121.41873642547358,
            28.655866589692693
          ],
          [
            121.41873760026178,
            28.655868979531522
          ],
          [
            121.41873882139627,
            28.655871351225766
          ],
          [
            121.41874008851705,
            28.6558737040762
          ],
          [
            121.41874140125054,
            28.655876037389135
          ],
          [
            121.41874275920969,
            28.65587835047662
          ],
          [
            121.41874416199417,
            28.655880642656715
          ],
          [
            121.41874560919037,
            28.655882913253606
          ],
          [
            121.41874710037163,
            28.65588516159786
          ],
          [
            121.41874863509831,
            28.655887387026592
          ],
          [
            121.41875021291793,
            28.655889588883696
          ],
          [
            121.4187518333653,
            28.655891766519975
          ],
          [
            121.41875349596268,
            28.65589391929343
          ],
          [
            121.41875520021988,
            28.655896046569335
          ],
          [
            121.41875694563444,
            28.655898147720514
          ],
          [
            121.41875873169177,
            28.655900222127485
          ],
          [
            121.41876055786528,
            28.655902269178664
          ]
        ]
      }
    },
    {
      "type": "Feature",
      "id": 54,
      "properties": {
        "fid": 54,
        "mark_type": "车道实线",
        "color": "白",
        "width_m": 0.15,
        "id": "MRK-054",
        "type": "marking"
      },
      "geometry": {
        "type": "LineString",
        "coordinates": [
          [
            121.41863345855711,
            28.655734425628463
          ],
          [
            121.41872215927577,
            28.656086613609006
          ]
        ]
      }
    },
    {
      "type": "Feature",
      "id": 55,
      "properties": {
        "fid": 55,
        "mark_type": "车道实线",
        "color": "白",
        "width_m": 0.15,
        "id": "MRK-055",
        "type": "marking"
      },
      "geometry": {
        "type": "LineString",
        "coordinates": [
          [
            121.41860794354842,
            28.655742750664814
          ],
          [
            121.41869265364578,
            28.656092441023922
          ]
        ]
      }
    },
    {
      "type": "Feature",
      "id": 56,
      "properties": {
        "fid": 56,
        "mark_type": "车道实线",
        "color": "白",
        "width_m": 0.15,
        "id": "MRK-056",
        "type": "marking"
      },
      "geometry": {
        "type": "LineString",
        "coordinates": [
          [
            121.41858220603345,
            28.65575114829421
          ],
          [
            121.41866751450668,
            28.656097438685478
          ]
        ]
      }
    },
    {
      "type": "Feature",
      "id": 57,
      "properties": {
        "fid": 57,
        "mark_type": "车道实线",
        "color": "白",
        "width_m": 0.15,
        "id": "MRK-057",
        "type": "marking"
      },
      "geometry": {
        "type": "LineString",
        "coordinates": [
          [
            121.4185531121732,
            28.6557606410234
          ],
          [
            121.41859338338631,
            28.65592264841076
          ]
        ]
      }
    },
    {
      "type": "Feature",
      "id": 58,
      "properties": {
        "fid": 58,
        "mark_type": "车道实线",
        "color": "白",
        "width_m": 0.15,
        "id": "MRK-058",
        "type": "marking"
      },
      "geometry": {
        "type": "LineString",
        "coordinates": [
          [
            121.41860234218971,
            28.655958260878435
          ],
          [
            121.41860696353564,
            28.65597745595915
          ]
        ]
      }
    },
    {
      "type": "Feature",
      "id": 59,
      "properties": {
        "fid": 59,
        "mark_type": "车道实线",
        "color": "白",
        "width_m": 0.15,
        "id": "MRK-059",
        "type": "marking"
      },
      "geometry": {
        "type": "LineString",
        "coordinates": [
          [
            121.41861709719666,
            28.65601894250266
          ],
          [
            121.41863833845164,
            28.656103061350624
          ]
        ]
      }
    },
    {
      "type": "Feature",
      "id": 60,
      "properties": {
        "fid": 60,
        "mark_type": "车道实线",
        "color": "白",
        "width_m": 0.15,
        "id": "MRK-060",
        "type": "marking"
      },
      "geometry": {
        "type": "LineString",
        "coordinates": [
          [
            121.4186331352681,
            28.656104680826036
          ],
          [
            121.4185472071504,
            28.655762567710088
          ]
        ]
      }
    },
    {
      "type": "Feature",
      "id": 61,
      "properties": {
        "fid": 61,
        "mark_type": "车道实线",
        "color": "白",
        "width_m": 0.15,
        "id": "MRK-061",
        "type": "marking"
      },
      "geometry": {
        "type": "LineString",
        "coordinates": [
          [
            121.41848470933859,
            28.655782959431875
          ],
          [
            121.41849659477361,
            28.655837031618105
          ],
          [
            121.41849575179806,
            28.655868133127868
          ],
          [
            121.41849540036453,
            28.655880657626522
          ],
          [
            121.41849480182698,
            28.655893174831707
          ],
          [
            121.41849395636667,
            28.65590568095054
          ],
          [
            121.41849286423972,
            28.655918172193452
          ],
          [
            121.41849152577696,
            28.655930644775403
          ],
          [
            121.41848994138387,
            28.655943094917006
          ],
          [
            121.41848811154047,
            28.655955518845676
          ],
          [
            121.41848603680116,
            28.65596791279675
          ],
          [
            121.4184837177945,
            28.65598027301466
          ],
          [
            121.41848115522313,
            28.655992595754082
          ],
          [
            121.41847834986345,
            28.656004877281
          ],
          [
            121.41847530256547,
            28.656017113873922
          ],
          [
            121.41847201425246,
            28.65602930182494
          ],
          [
            121.41846848592077,
            28.65604143744092
          ],
          [
            121.41846471863944,
            28.656053517044572
          ],
          [
            121.41846071354998,
            28.65606553697554
          ],
          [
            121.41845647186587,
            28.656077493591624
          ]
        ]
      }
    },
    {
      "type": "Feature",
      "id": 62,
      "properties": {
        "fid": 62,
        "mark_type": "车道实线",
        "color": "白",
        "width_m": 0.15,
        "id": "MRK-062",
        "type": "marking"
      },
      "geometry": {
        "type": "LineString",
        "coordinates": [
          [
            121.41847268768322,
            28.655827382071433
          ],
          [
            121.41847323144619,
            28.655821333644333
          ],
          [
            121.41847365997222,
            28.65581527801508
          ],
          [
            121.41847397314046,
            28.65580921689176
          ],
          [
            121.41847417086261,
            28.65580315198407
          ],
          [
            121.4184742530829,
            28.655797085002725
          ],
          [
            121.41847421977818,
            28.655791017659027
          ],
          [
            121.41847407095784,
            28.655784951664398
          ],
          [
            121.4184738066639,
            28.655778888729884
          ],
          [
            121.4184734269709,
            28.655772830565645
          ],
          [
            121.41847293198599,
            28.6557667788805
          ],
          [
            121.4184723218488,
            28.65576073538147
          ],
          [
            121.41847159673144,
            28.655754701773223
          ],
          [
            121.41847075683847,
            28.655748679757643
          ],
          [
            121.41846980240683,
            28.6557426710334
          ]
        ]
      }
    },
    {
      "type": "Feature",
      "id": 63,
      "properties": {
        "fid": 63,
        "mark_type": "车道实线",
        "color": "白",
        "width_m": 0.15,
        "id": "MRK-063",
        "type": "marking"
      },
      "geometry": {
        "type": "LineString",
        "coordinates": [
          [
            121.41802436655233,
            28.656365409079168
          ],
          [
            121.41824081174994,
            28.656324573704172
          ],
          [
            121.41824883991994,
            28.656320848777284
          ],
          [
            121.41825679347818,
            28.656317001332418
          ],
          [
            121.41826467002173,
            28.65631303253198
          ],
          [
            121.41827246717095,
            28.656308943575034
          ],
          [
            121.41828018257017,
            28.656304735696903
          ],
          [
            121.41828781388844,
            28.65630041016888
          ],
          [
            121.41829535882019,
            28.65629596829779
          ],
          [
            121.41830281508595,
            28.65629141142561
          ],
          [
            121.41831018043308,
            28.656286740929048
          ],
          [
            121.41831745263636,
            28.656281958219164
          ],
          [
            121.4183211630591,
            28.65628035611435
          ],
          [
            121.41832484167611,
            28.65627869792563
          ],
          [
            121.41832848739794,
            28.656276984144053
          ],
          [
            121.41833209914486,
            28.65627521527721
          ],
          [
            121.41833567584723,
            28.656273391848956
          ],
          [
            121.41833921644576,
            28.656271514399318
          ],
          [
            121.41834271989188,
            28.656269583484317
          ],
          [
            121.41834618514801,
            28.656267599675814
          ],
          [
            121.41834961118786,
            28.65626556356136
          ],
          [
            121.4183529969968,
            28.656263475743913
          ],
          [
            121.41835634157208,
            28.656261336841858
          ],
          [
            121.41835964392317,
            28.656259147488633
          ],
          [
            121.41836290307205,
            28.65625690833263
          ],
          [
            121.4183661180535,
            28.656254620036993
          ],
          [
            121.41836928791537,
            28.656252283279443
          ],
          [
            121.41837241171886,
            28.656249898752026
          ],
          [
            121.41837548853884,
            28.65624746716094
          ],
          [
            121.41837851746409,
            28.656244989226316
          ],
          [
            121.41838149759757,
            28.656242465682038
          ],
          [
            121.41838442805665,
            28.656239897275487
          ],
          [
            121.41838730797349,
            28.656237284767286
          ],
          [
            121.41839013649516,
            28.656234628931184
          ],
          [
            121.41839291278397,
            28.656231930553723
          ],
          [
            121.41839563601769,
            28.65622919043405
          ],
          [
            121.41839830538983,
            28.656226409383702
          ],
          [
            121.41840092010982,
            28.656223588226272
          ],
          [
            121.4184034794033,
            28.656220727797308
          ],
          [
            121.41840598251228,
            28.656217828943955
          ],
          [
            121.41840842869549,
            28.656214892524712
          ],
          [
            121.41841081722845,
            28.656211919409248
          ],
          [
            121.41841314740378,
            28.656208910478075
          ],
          [
            121.41841541853138,
            28.656205866622322
          ],
          [
            121.41841762993865,
            28.656202788743453
          ],
          [
            121.41841978097065,
            28.656199677753005
          ],
          [
            121.41842187099033,
            28.656196534572327
          ],
          [
            121.41842389937874,
            28.65619336013232
          ],
          [
            121.41842586553514,
            28.656190155373103
          ],
          [
            121.41842776887725,
            28.656186921243815
          ],
          [
            121.41842960884138,
            28.656183658702258
          ],
          [
            121.41843535442946,
            28.65617717016642
          ],
          [
            121.41844097420122,
            28.656170596457052
          ],
          [
            121.41844646653412,
            28.656163939472073
          ],
          [
            121.41845182984251,
            28.656157201133464
          ],
          [
            121.41845706257793,
            28.65615038338668
          ],
          [
            121.41846216322965,
            28.656143488200108
          ],
          [
            121.41846713032503,
            28.656136517564494
          ],
          [
            121.41847196243005,
            28.656129473492346
          ],
          [
            121.41847665814963,
            28.656122358017395
          ],
          [
            121.41848121612807,
            28.656115173194
          ],
          [
            121.41848563504945,
            28.656107921096492
          ],
          [
            121.41848991363798,
            28.656100603818686
          ],
          [
            121.41849405065841,
            28.65609322347317
          ],
          [
            121.41849804491636,
            28.65608578219076
          ],
          [
            121.41850189525863,
            28.65607828211985
          ],
          [
            121.41850560057364,
            28.656070725425835
          ],
          [
            121.41851509132819,
            28.65604702163157
          ],
          [
            121.41852497155944,
            28.65602344198262
          ],
          [
            121.41853523918094,
            28.655999991457783
          ]
        ]
      }
    },
    {
      "type": "Feature",
      "id": 64,
      "properties": {
        "fid": 64,
        "mark_type": "车道实线",
        "color": "白",
        "width_m": 0.15,
        "id": "MRK-064",
        "type": "marking"
      },
      "geometry": {
        "type": "LineString",
        "coordinates": [
          [
            121.41817871730011,
            28.656612641049858
          ],
          [
            121.41808058069532,
            28.656632211153184
          ]
        ]
      }
    },
    {
      "type": "Feature",
      "id": 68,
      "properties": {
        "fid": 68,
        "mark_type": "停止线",
        "color": "白",
        "width_m": 0.3,
        "id": "MRK-068",
        "type": "marking"
      },
      "geometry": {
        "type": "LineString",
        "coordinates": [
          [
            121.41863833845164,
            28.656103061350624
          ],
          [
            121.4187526263445,
            28.656080714449278
          ]
        ]
      }
    },
    {
      "type": "Feature",
      "id": 69,
      "properties": {
        "fid": 69,
        "mark_type": "1-1",
        "color": "白",
        "width_m": 0.15,
        "id": "MRK-069",
        "type": "marking"
      },
      "geometry": {
        "type": "LineString",
        "coordinates": [
          [
            121.41858420889352,
            28.656208763547973
          ],
          [
            121.41877617848874,
            28.656174802434496
          ]
        ]
      }
    },
    {
      "type": "Feature",
      "id": 71,
      "properties": {
        "fid": 71,
        "mark_type": "1-1",
        "color": "白",
        "width_m": 0.15,
        "id": "MRK-071",
        "type": "marking"
      },
      "geometry": {
        "type": "LineString",
        "coordinates": [
          [
            121.4185702265504,
            28.656403556582795
          ],
          [
            121.41853462529649,
            28.656268710995384
          ]
        ]
      }
    },
    {
      "type": "Feature",
      "id": 72,
      "properties": {
        "fid": 72,
        "mark_type": "1-1",
        "color": "白",
        "width_m": 0.15,
        "id": "MRK-072",
        "type": "marking"
      },
      "geometry": {
        "type": "LineString",
        "coordinates": [
          [
            121.41857351813607,
            28.656420243560245
          ],
          [
            121.4185946030981,
            28.65650025221328
          ]
        ]
      }
    },
    {
      "type": "Feature",
      "id": 73,
      "properties": {
        "fid": 73,
        "mark_type": "1-1",
        "color": "白",
        "width_m": 0.15,
        "id": "MRK-073",
        "type": "marking"
      },
      "geometry": {
        "type": "LineString",
        "coordinates": [
          [
            121.41867497814435,
            28.65654362695076
          ],
          [
            121.41885705841612,
            28.656511594161124
          ]
        ]
      }
    },
    {
      "type": "Feature",
      "id": 74,
      "properties": {
        "fid": 74,
        "mark_type": "1-1",
        "color": "白",
        "width_m": 0.15,
        "id": "MRK-074",
        "type": "marking"
      },
      "geometry": {
        "type": "LineString",
        "coordinates": [
          [
            121.4189181916052,
            28.656445251607312
          ],
          [
            121.41888545197963,
            28.656311413099345
          ]
        ]
      }
    },
    {
      "type": "Feature",
      "id": 75,
      "properties": {
        "fid": 75,
        "mark_type": "1-1",
        "color": "白",
        "width_m": 0.15,
        "id": "MRK-075",
        "type": "marking"
      },
      "geometry": {
        "type": "LineString",
        "coordinates": [
          [
            121.4188793765433,
            28.65629219599247
          ],
          [
            121.41885998283689,
            28.656210382134727
          ]
        ]
      }
    },
    {
      "type": "Feature",
      "id": 76,
      "properties": {
        "fid": 76,
        "mark_type": "待转",
        "color": "白",
        "width_m": 0.15,
        "id": "MRK-076",
        "type": "marking"
      },
      "geometry": {
        "type": "LineString",
        "coordinates": [
          [
            121.41855587883222,
            28.656349212286116
          ],
          [
            121.41867165164923,
            28.656336963915358
          ]
        ]
      }
    },
    {
      "type": "Feature",
      "id": 77,
      "properties": {
        "fid": 77,
        "mark_type": "待转",
        "color": "白",
        "width_m": 0.15,
        "id": "MRK-077",
        "type": "marking"
      },
      "geometry": {
        "type": "LineString",
        "coordinates": [
          [
            121.41856285962933,
            28.6563756531876
          ],
          [
            121.41867358700503,
            28.6563639179813
          ]
        ]
      }
    },
    {
      "type": "Feature",
      "id": 78,
      "properties": {
        "fid": 78,
        "mark_type": "待转",
        "color": "白",
        "width_m": 0.15,
        "id": "MRK-078",
        "type": "marking"
      },
      "geometry": {
        "type": "LineString",
        "coordinates": [
          [
            121.41858042842368,
            28.65640162629697
          ],
          [
            121.41867796174152,
            28.65639174961307
          ]
        ]
      }
    },
    {
      "type": "Feature",
      "id": 79,
      "properties": {
        "fid": 79,
        "mark_type": "待转",
        "color": "白",
        "width_m": 0.15,
        "id": "MRK-079",
        "type": "marking"
      },
      "geometry": {
        "type": "LineString",
        "coordinates": [
          [
            121.41866017450964,
            28.656195324596386
          ],
          [
            121.4186736568296,
            28.656272036363767
          ]
        ]
      }
    },
    {
      "type": "Feature",
      "id": 80,
      "properties": {
        "fid": 80,
        "mark_type": "待转",
        "color": "白",
        "width_m": 0.15,
        "id": "MRK-080",
        "type": "marking"
      },
      "geometry": {
        "type": "LineString",
        "coordinates": [
          [
            121.41869006738219,
            28.65619003628496
          ],
          [
            121.41870092281341,
            28.656270106997162
          ]
        ]
      }
    },
    {
      "type": "Feature",
      "id": 81,
      "properties": {
        "fid": 81,
        "mark_type": "待转",
        "color": "白",
        "width_m": 0.15,
        "id": "MRK-081",
        "type": "marking"
      },
      "geometry": {
        "type": "LineString",
        "coordinates": [
          [
            121.41871702349948,
            28.656185267505148
          ],
          [
            121.41872980352396,
            28.656268063364895
          ]
        ]
      }
    },
    {
      "type": "Feature",
      "id": 82,
      "properties": {
        "fid": 82,
        "mark_type": "待转",
        "color": "白",
        "width_m": 0.15,
        "id": "MRK-082",
        "type": "marking"
      },
      "geometry": {
        "type": "LineString",
        "coordinates": [
          [
            121.4188022600481,
            28.656375078980012
          ],
          [
            121.41889816111406,
            28.656363367658383
          ]
        ]
      }
    },
    {
      "type": "Feature",
      "id": 83,
      "properties": {
        "fid": 83,
        "mark_type": "待转",
        "color": "白",
        "width_m": 0.15,
        "id": "MRK-083",
        "type": "marking"
      },
      "geometry": {
        "type": "LineString",
        "coordinates": [
          [
            121.41879818364134,
            28.656348374642373
          ],
          [
            121.41889183150292,
            28.65633749240441
          ]
        ]
      }
    },
    {
      "type": "Feature",
      "id": 84,
      "properties": {
        "fid": 84,
        "mark_type": "待转",
        "color": "白",
        "width_m": 0.15,
        "id": "MRK-084",
        "type": "marking"
      },
      "geometry": {
        "type": "LineString",
        "coordinates": [
          [
            121.41879410723632,
            28.656321670304596
          ],
          [
            121.41888545197963,
            28.656311413099345
          ]
        ]
      }
    },
    {
      "type": "Feature",
      "id": 85,
      "properties": {
        "fid": 85,
        "mark_type": "待转",
        "color": "白",
        "width_m": 0.15,
        "id": "MRK-085",
        "type": "marking"
      },
      "geometry": {
        "type": "LineString",
        "coordinates": [
          [
            121.41872918172646,
            28.656534091118854
          ],
          [
            121.41872840551906,
            28.65652771388986
          ],
          [
            121.41872774609087,
            28.65652132644207
          ],
          [
            121.4187272036136,
            28.656514930439148
          ],
          [
            121.41872677822855,
            28.656508527547004
          ],
          [
            121.4187264700465,
            28.656502119433355
          ],
          [
            121.41872627914765,
            28.65649570776725
          ],
          [
            121.41872620558176,
            28.656489294218694
          ],
          [
            121.41872624936794,
            28.656482880458164
          ],
          [
            121.41872641049476,
            28.656476468156196
          ],
          [
            121.41872668892024,
            28.656470058982933
          ],
          [
            121.41872708457184,
            28.656463654607712
          ],
          [
            121.41872759734649,
            28.65645725669864
          ]
        ]
      }
    },
    {
      "type": "Feature",
      "id": 86,
      "properties": {
        "fid": 86,
        "mark_type": "待转",
        "color": "白",
        "width_m": 0.15,
        "id": "MRK-086",
        "type": "marking"
      },
      "geometry": {
        "type": "LineString",
        "coordinates": [
          [
            121.41875536576553,
            28.656529484651077
          ],
          [
            121.41875504338134,
            28.656517486710168
          ],
          [
            121.41875493632301,
            28.65650548577138
          ],
          [
            121.4187550446173,
            28.656493484841196
          ],
          [
            121.418755368237,
            28.656481486926104
          ],
          [
            121.41875590710099,
            28.656469495031818
          ],
          [
            121.41875666107416,
            28.656457512162554
          ]
        ]
      }
    },
    {
      "type": "Feature",
      "id": 87,
      "properties": {
        "fid": 87,
        "mark_type": "待转",
        "color": "白",
        "width_m": 0.15,
        "id": "MRK-087",
        "type": "marking"
      },
      "geometry": {
        "type": "LineString",
        "coordinates": [
          [
            121.41878114732785,
            28.656524948984263
          ],
          [
            121.41878078105171,
            28.656521406448274
          ],
          [
            121.41878048219624,
            28.65651785899127
          ],
          [
            121.4187802508455,
            28.6565143076115
          ],
          [
            121.41878008706462,
            28.656510753308304
          ],
          [
            121.41877999089965,
            28.65650719708189
          ],
          [
            121.41877996237767,
            28.65650363993297
          ],
          [
            121.41878000150669,
            28.65650008286253
          ],
          [
            121.41878010827568,
            28.656496526871514
          ],
          [
            121.4187802826546,
            28.656492972960603
          ],
          [
            121.41878052459437,
            28.656489422129834
          ],
          [
            121.4187808340269,
            28.65648587537843
          ],
          [
            121.41878121086512,
            28.656482333704453
          ],
          [
            121.41878165500296,
            28.65647879810451
          ],
          [
            121.41878216631545,
            28.656475269573534
          ],
          [
            121.41878274465871,
            28.656471749104444
          ],
          [
            121.41878338986996,
            28.656468237687893
          ],
          [
            121.41878410176764,
            28.656464736311996
          ],
          [
            121.41878488015143,
            28.65646124596204
          ],
          [
            121.41878572480228,
            28.65645776762023
          ]
        ]
      }
    },
    {
      "type": "Feature",
      "id": 88,
      "properties": {
        "fid": 88,
        "mark_type": "停止线",
        "color": "白",
        "width_m": 0.3,
        "id": "MRK-088",
        "type": "marking"
      },
      "geometry": {
        "type": "LineString",
        "coordinates": [
          [
            121.41867796174152,
            28.65639174961307
          ],
          [
            121.41867165164923,
            28.656336963915358
          ]
        ]
      }
    },
    {
      "type": "Feature",
      "id": 89,
      "properties": {
        "fid": 89,
        "mark_type": "1-1",
        "color": "白",
        "width_m": 0.3,
        "id": "MRK-089",
        "type": "marking"
      },
      "geometry": {
        "type": "LineString",
        "coordinates": [
          [
            121.4182963123193,
            28.65655957978996
          ],
          [
            121.41807463376489,
            28.656603986047333
          ]
        ]
      }
    },
    {
      "type": "Feature",
      "id": 90,
      "properties": {
        "fid": 90,
        "mark_type": "斑马线",
        "color": "白",
        "width_m": 0.45,
        "id": "MRK-090",
        "type": "marking"
      },
      "geometry": {
        "type": "LineString",
        "coordinates": [
          [
            121.41858982439163,
            28.65620777012107
          ],
          [
            121.41857436417791,
            28.65613502504113
          ]
        ]
      }
    },
    {
      "type": "Feature",
      "id": 91,
      "properties": {
        "fid": 91,
        "mark_type": "斑马线",
        "color": "白",
        "width_m": 0.45,
        "id": "MRK-091",
        "type": "marking"
      },
      "geometry": {
        "type": "LineString",
        "coordinates": [
          [
            121.41859921466431,
            28.656206108905554
          ],
          [
            121.41858375444424,
            28.65613336382641
          ]
        ]
      }
    },
    {
      "type": "Feature",
      "id": 92,
      "properties": {
        "fid": 92,
        "mark_type": "斑马线",
        "color": "白",
        "width_m": 0.45,
        "id": "MRK-092",
        "type": "marking"
      },
      "geometry": {
        "type": "LineString",
        "coordinates": [
          [
            121.41861074834779,
            28.656204068502273
          ],
          [
            121.4185952881199,
            28.65613132342413
          ]
        ]
      }
    },
    {
      "type": "Feature",
      "id": 93,
      "properties": {
        "fid": 93,
        "mark_type": "斑马线",
        "color": "白",
        "width_m": 0.45,
        "id": "MRK-093",
        "type": "marking"
      },
      "geometry": {
        "type": "LineString",
        "coordinates": [
          [
            121.41862007049474,
            28.656202419337166
          ],
          [
            121.41860461026056,
            28.65612967425983
          ]
        ]
      }
    },
    {
      "type": "Feature",
      "id": 94,
      "properties": {
        "fid": 94,
        "mark_type": "斑马线",
        "color": "白",
        "width_m": 0.45,
        "id": "MRK-094",
        "type": "marking"
      },
      "geometry": {
        "type": "LineString",
        "coordinates": [
          [
            121.4186283491007,
            28.656199477963032
          ],
          [
            121.41861288886108,
            28.65612673288641
          ]
        ]
      }
    },
    {
      "type": "Feature",
      "id": 95,
      "properties": {
        "fid": 95,
        "mark_type": "斑马线",
        "color": "白",
        "width_m": 0.45,
        "id": "MRK-095",
        "type": "marking"
      },
      "geometry": {
        "type": "LineString",
        "coordinates": [
          [
            121.41864041892292,
            28.656198819529042
          ],
          [
            121.41862495867495,
            28.656126074453468
          ]
        ]
      }
    },
    {
      "type": "Feature",
      "id": 96,
      "properties": {
        "fid": 96,
        "mark_type": "斑马线",
        "color": "白",
        "width_m": 0.45,
        "id": "MRK-096",
        "type": "marking"
      },
      "geometry": {
        "type": "LineString",
        "coordinates": [
          [
            121.4186506751316,
            28.65619700511819
          ],
          [
            121.41863521487672,
            28.6561242600435
          ]
        ]
      }
    },
    {
      "type": "Feature",
      "id": 97,
      "properties": {
        "fid": 97,
        "mark_type": "斑马线",
        "color": "白",
        "width_m": 0.45,
        "id": "MRK-097",
        "type": "marking"
      },
      "geometry": {
        "type": "LineString",
        "coordinates": [
          [
            121.41866017450964,
            28.656195324596386
          ],
          [
            121.41864471424832,
            28.656122579522513
          ]
        ]
      }
    },
    {
      "type": "Feature",
      "id": 98,
      "properties": {
        "fid": 98,
        "mark_type": "斑马线",
        "color": "白",
        "width_m": 0.45,
        "id": "MRK-098",
        "type": "marking"
      },
      "geometry": {
        "type": "LineString",
        "coordinates": [
          [
            121.41866931942302,
            28.656193706781742
          ],
          [
            121.41865385915551,
            28.656120961708652
          ]
        ]
      }
    },
    {
      "type": "Feature",
      "id": 99,
      "properties": {
        "fid": 99,
        "mark_type": "斑马线",
        "color": "白",
        "width_m": 0.45,
        "id": "MRK-099",
        "type": "marking"
      },
      "geometry": {
        "type": "LineString",
        "coordinates": [
          [
            121.41868179613756,
            28.656191499541425
          ],
          [
            121.41866633586162,
            28.656118754469418
          ]
        ]
      }
    },
    {
      "type": "Feature",
      "id": 100,
      "properties": {
        "fid": 100,
        "mark_type": "斑马线",
        "color": "白",
        "width_m": 0.45,
        "id": "MRK-100",
        "type": "marking"
      },
      "geometry": {
        "type": "LineString",
        "coordinates": [
          [
            121.41869006738219,
            28.65619003628496
          ],
          [
            121.41867460710064,
            28.65611729121367
          ]
        ]
      }
    },
    {
      "type": "Feature",
      "id": 101,
      "properties": {
        "fid": 101,
        "mark_type": "斑马线",
        "color": "白",
        "width_m": 0.45,
        "id": "MRK-101",
        "type": "marking"
      },
      "geometry": {
        "type": "LineString",
        "coordinates": [
          [
            121.41870191777464,
            28.656187939844582
          ],
          [
            121.41868645748508,
            28.656115194774305
          ]
        ]
      }
    },
    {
      "type": "Feature",
      "id": 102,
      "properties": {
        "fid": 102,
        "mark_type": "斑马线",
        "color": "白",
        "width_m": 0.45,
        "id": "MRK-102",
        "type": "marking"
      },
      "geometry": {
        "type": "LineString",
        "coordinates": [
          [
            121.41871207404432,
            28.65618614310876
          ],
          [
            121.41869661374788,
            28.656113398039373
          ]
        ]
      }
    },
    {
      "type": "Feature",
      "id": 103,
      "properties": {
        "fid": 103,
        "mark_type": "斑马线",
        "color": "白",
        "width_m": 0.45,
        "id": "MRK-103",
        "type": "marking"
      },
      "geometry": {
        "type": "LineString",
        "coordinates": [
          [
            121.41872104255091,
            28.656184556498268
          ],
          [
            121.4187055822484,
            28.656111811429646
          ]
        ]
      }
    },
    {
      "type": "Feature",
      "id": 104,
      "properties": {
        "fid": 104,
        "mark_type": "斑马线",
        "color": "白",
        "width_m": 0.45,
        "id": "MRK-104",
        "type": "marking"
      },
      "geometry": {
        "type": "LineString",
        "coordinates": [
          [
            121.41873190609505,
            28.656182634637503
          ],
          [
            121.41871644578518,
            28.656109889569816
          ]
        ]
      }
    },
    {
      "type": "Feature",
      "id": 105,
      "properties": {
        "fid": 105,
        "mark_type": "斑马线",
        "color": "白",
        "width_m": 0.45,
        "id": "MRK-105",
        "type": "marking"
      },
      "geometry": {
        "type": "LineString",
        "coordinates": [
          [
            121.41874111035943,
            28.656181006317823
          ],
          [
            121.41872565004336,
            28.656108261250935
          ]
        ]
      }
    },
    {
      "type": "Feature",
      "id": 106,
      "properties": {
        "fid": 106,
        "mark_type": "斑马线",
        "color": "白",
        "width_m": 0.45,
        "id": "MRK-106",
        "type": "marking"
      },
      "geometry": {
        "type": "LineString",
        "coordinates": [
          [
            121.41875113529223,
            28.65617923281353
          ],
          [
            121.41873567496935,
            28.656106487747508
          ]
        ]
      }
    },
    {
      "type": "Feature",
      "id": 107,
      "properties": {
        "fid": 107,
        "mark_type": "斑马线",
        "color": "白",
        "width_m": 0.45,
        "id": "MRK-107",
        "type": "marking"
      },
      "geometry": {
        "type": "LineString",
        "coordinates": [
          [
            121.41876191235481,
            28.65617732624954
          ],
          [
            121.41874645202465,
            28.65610458118445
          ]
        ]
      }
    },
    {
      "type": "Feature",
      "id": 108,
      "properties": {
        "fid": 108,
        "mark_type": "斑马线",
        "color": "白",
        "width_m": 0.45,
        "id": "MRK-108",
        "type": "marking"
      },
      "geometry": {
        "type": "LineString",
        "coordinates": [
          [
            121.41877197317108,
            28.65617554639545
          ],
          [
            121.41875651283411,
            28.656102801331222
          ]
        ]
      }
    },
    {
      "type": "Feature",
      "id": 109,
      "properties": {
        "fid": 109,
        "mark_type": "斑马线",
        "color": "白",
        "width_m": 0.45,
        "id": "MRK-109",
        "type": "marking"
      },
      "geometry": {
        "type": "LineString",
        "coordinates": [
          [
            121.41853728840637,
            28.65627879797193
          ],
          [
            121.41845767308737,
            28.656293503582702
          ]
        ]
      }
    },
    {
      "type": "Feature",
      "id": 110,
      "properties": {
        "fid": 110,
        "mark_type": "斑马线",
        "color": "白",
        "width_m": 0.45,
        "id": "MRK-110",
        "type": "marking"
      },
      "geometry": {
        "type": "LineString",
        "coordinates": [
          [
            121.41853966823537,
            28.656287811972994
          ],
          [
            121.41846005290977,
            28.656302517584887
          ]
        ]
      }
    },
    {
      "type": "Feature",
      "id": 111,
      "properties": {
        "fid": 111,
        "mark_type": "斑马线",
        "color": "白",
        "width_m": 0.45,
        "id": "MRK-111",
        "type": "marking"
      },
      "geometry": {
        "type": "LineString",
        "coordinates": [
          [
            121.41854189720786,
            28.656296254578425
          ],
          [
            121.41846228187606,
            28.656310960191362
          ]
        ]
      }
    },
    {
      "type": "Feature",
      "id": 112,
      "properties": {
        "fid": 112,
        "mark_type": "斑马线",
        "color": "白",
        "width_m": 0.45,
        "id": "MRK-112",
        "type": "marking"
      },
      "geometry": {
        "type": "LineString",
        "coordinates": [
          [
            121.41854420351983,
            28.656304990118684
          ],
          [
            121.4184645881816,
            28.656319695732716
          ]
        ]
      }
    },
    {
      "type": "Feature",
      "id": 113,
      "properties": {
        "fid": 113,
        "mark_type": "斑马线",
        "color": "白",
        "width_m": 0.45,
        "id": "MRK-113",
        "type": "marking"
      },
      "geometry": {
        "type": "LineString",
        "coordinates": [
          [
            121.41854643802522,
            28.656313453678326
          ],
          [
            121.41846682268078,
            28.656328159293412
          ]
        ]
      }
    },
    {
      "type": "Feature",
      "id": 114,
      "properties": {
        "fid": 114,
        "mark_type": "斑马线",
        "color": "白",
        "width_m": 0.45,
        "id": "MRK-114",
        "type": "marking"
      },
      "geometry": {
        "type": "LineString",
        "coordinates": [
          [
            121.41854876877717,
            28.65632228178644
          ],
          [
            121.41846915342626,
            28.656336987402643
          ]
        ]
      }
    },
    {
      "type": "Feature",
      "id": 115,
      "properties": {
        "fid": 115,
        "mark_type": "斑马线",
        "color": "白",
        "width_m": 0.45,
        "id": "MRK-115",
        "type": "marking"
      },
      "geometry": {
        "type": "LineString",
        "coordinates": [
          [
            121.4185510937974,
            28.656331088183354
          ],
          [
            121.41847147844004,
            28.656345793800643
          ]
        ]
      }
    },
    {
      "type": "Feature",
      "id": 116,
      "properties": {
        "fid": 116,
        "mark_type": "斑马线",
        "color": "白",
        "width_m": 0.45,
        "id": "MRK-116",
        "type": "marking"
      },
      "geometry": {
        "type": "LineString",
        "coordinates": [
          [
            121.41855350168943,
            28.656340208469345
          ],
          [
            121.41847388632537,
            28.65635491408778
          ]
        ]
      }
    },
    {
      "type": "Feature",
      "id": 117,
      "properties": {
        "fid": 117,
        "mark_type": "斑马线",
        "color": "白",
        "width_m": 0.45,
        "id": "MRK-117",
        "type": "marking"
      },
      "geometry": {
        "type": "LineString",
        "coordinates": [
          [
            121.41855587883222,
            28.656349212286116
          ],
          [
            121.41847626346154,
            28.656363917905676
          ]
        ]
      }
    },
    {
      "type": "Feature",
      "id": 118,
      "properties": {
        "fid": 118,
        "mark_type": "斑马线",
        "color": "白",
        "width_m": 0.45,
        "id": "MRK-118",
        "type": "marking"
      },
      "geometry": {
        "type": "LineString",
        "coordinates": [
          [
            121.41855810858512,
            28.656357657838292
          ],
          [
            121.41847849320824,
            28.656372363458903
          ]
        ]
      }
    },
    {
      "type": "Feature",
      "id": 119,
      "properties": {
        "fid": 119,
        "mark_type": "斑马线",
        "color": "白",
        "width_m": 0.45,
        "id": "MRK-119",
        "type": "marking"
      },
      "geometry": {
        "type": "LineString",
        "coordinates": [
          [
            121.41856032820667,
            28.656366065015067
          ],
          [
            121.41848071282362,
            28.656380770636723
          ]
        ]
      }
    },
    {
      "type": "Feature",
      "id": 120,
      "properties": {
        "fid": 120,
        "mark_type": "斑马线",
        "color": "白",
        "width_m": 0.45,
        "id": "MRK-120",
        "type": "marking"
      },
      "geometry": {
        "type": "LineString",
        "coordinates": [
          [
            121.41856285962933,
            28.6563756531876
          ],
          [
            121.41848324423924,
            28.65639035881046
          ]
        ]
      }
    },
    {
      "type": "Feature",
      "id": 121,
      "properties": {
        "fid": 121,
        "mark_type": "斑马线",
        "color": "白",
        "width_m": 0.45,
        "id": "MRK-121",
        "type": "marking"
      },
      "geometry": {
        "type": "LineString",
        "coordinates": [
          [
            121.41856481441873,
            28.65638305726735
          ],
          [
            121.41848519902321,
            28.656397762891135
          ]
        ]
      }
    },
    {
      "type": "Feature",
      "id": 122,
      "properties": {
        "fid": 122,
        "mark_type": "斑马线",
        "color": "白",
        "width_m": 0.45,
        "id": "MRK-122",
        "type": "marking"
      },
      "geometry": {
        "type": "LineString",
        "coordinates": [
          [
            121.41856738614523,
            28.656392798094263
          ],
          [
            121.41848777074257,
            28.656407503719276
          ]
        ]
      }
    },
    {
      "type": "Feature",
      "id": 123,
      "properties": {
        "fid": 123,
        "mark_type": "斑马线",
        "color": "白",
        "width_m": 0.45,
        "id": "MRK-123",
        "type": "marking"
      },
      "geometry": {
        "type": "LineString",
        "coordinates": [
          [
            121.41856930405382,
            28.656400062479808
          ],
          [
            121.41848968864582,
            28.65641476810573
          ]
        ]
      }
    },
    {
      "type": "Feature",
      "id": 124,
      "properties": {
        "fid": 124,
        "mark_type": "斑马线",
        "color": "白",
        "width_m": 0.45,
        "id": "MRK-124",
        "type": "marking"
      },
      "geometry": {
        "type": "LineString",
        "coordinates": [
          [
            121.41857351813607,
            28.656420243560245
          ],
          [
            121.41849390271314,
            28.65643494918802
          ]
        ]
      }
    },
    {
      "type": "Feature",
      "id": 125,
      "properties": {
        "fid": 125,
        "mark_type": "斑马线",
        "color": "白",
        "width_m": 0.45,
        "id": "MRK-125",
        "type": "marking"
      },
      "geometry": {
        "type": "LineString",
        "coordinates": [
          [
            121.41857556944333,
            28.65642802742232
          ],
          [
            121.41849595401469,
            28.65644273305106
          ]
        ]
      }
    },
    {
      "type": "Feature",
      "id": 126,
      "properties": {
        "fid": 126,
        "mark_type": "斑马线",
        "color": "白",
        "width_m": 0.45,
        "id": "MRK-126",
        "type": "marking"
      },
      "geometry": {
        "type": "LineString",
        "coordinates": [
          [
            121.41857753222665,
            28.656435475371612
          ],
          [
            121.41849791679253,
            28.656450181001283
          ]
        ]
      }
    },
    {
      "type": "Feature",
      "id": 127,
      "properties": {
        "fid": 127,
        "mark_type": "斑马线",
        "color": "白",
        "width_m": 0.45,
        "id": "MRK-127",
        "type": "marking"
      },
      "geometry": {
        "type": "LineString",
        "coordinates": [
          [
            121.41857986071193,
            28.65644431100705
          ],
          [
            121.41850024527133,
            28.65645901663782
          ]
        ]
      }
    },
    {
      "type": "Feature",
      "id": 128,
      "properties": {
        "fid": 128,
        "mark_type": "斑马线",
        "color": "白",
        "width_m": 0.45,
        "id": "MRK-128",
        "type": "marking"
      },
      "geometry": {
        "type": "LineString",
        "coordinates": [
          [
            121.4185821497227,
            28.656452996851772
          ],
          [
            121.41850253427572,
            28.65646770248362
          ]
        ]
      }
    },
    {
      "type": "Feature",
      "id": 129,
      "properties": {
        "fid": 129,
        "mark_type": "斑马线",
        "color": "白",
        "width_m": 0.45,
        "id": "MRK-129",
        "type": "marking"
      },
      "geometry": {
        "type": "LineString",
        "coordinates": [
          [
            121.41858406061344,
            28.65646024788712
          ],
          [
            121.41850444516115,
            28.656474953519886
          ]
        ]
      }
    },
    {
      "type": "Feature",
      "id": 130,
      "properties": {
        "fid": 130,
        "mark_type": "斑马线",
        "color": "白",
        "width_m": 0.45,
        "id": "MRK-130",
        "type": "marking"
      },
      "geometry": {
        "type": "LineString",
        "coordinates": [
          [
            121.41858672892079,
            28.65647037300175
          ],
          [
            121.41850711346106,
            28.656485078635765
          ]
        ]
      }
    },
    {
      "type": "Feature",
      "id": 131,
      "properties": {
        "fid": 131,
        "mark_type": "斑马线",
        "color": "白",
        "width_m": 0.45,
        "id": "MRK-131",
        "type": "marking"
      },
      "geometry": {
        "type": "LineString",
        "coordinates": [
          [
            121.41858890792624,
            28.65647864141818
          ],
          [
            121.41850929246044,
            28.65649334705323
          ]
        ]
      }
    },
    {
      "type": "Feature",
      "id": 132,
      "properties": {
        "fid": 132,
        "mark_type": "斑马线",
        "color": "白",
        "width_m": 0.45,
        "id": "MRK-132",
        "type": "marking"
      },
      "geometry": {
        "type": "LineString",
        "coordinates": [
          [
            121.41859153833353,
            28.656488622714672
          ],
          [
            121.4185119228604,
            28.65650332835097
          ]
        ]
      }
    },
    {
      "type": "Feature",
      "id": 133,
      "properties": {
        "fid": 133,
        "mark_type": "斑马线",
        "color": "白",
        "width_m": 0.45,
        "id": "MRK-133",
        "type": "marking"
      },
      "geometry": {
        "type": "LineString",
        "coordinates": [
          [
            121.4185934023748,
            28.65649569597126
          ],
          [
            121.41851378689648,
            28.65651040160844
          ]
        ]
      }
    },
    {
      "type": "Feature",
      "id": 134,
      "properties": {
        "fid": 134,
        "mark_type": "斑马线",
        "color": "白",
        "width_m": 0.45,
        "id": "MRK-134",
        "type": "marking"
      },
      "geometry": {
        "type": "LineString",
        "coordinates": [
          [
            121.4189155965845,
            28.656434643259814
          ],
          [
            121.4189937234536,
            28.656420138809466
          ]
        ]
      }
    },
    {
      "type": "Feature",
      "id": 135,
      "properties": {
        "fid": 135,
        "mark_type": "斑马线",
        "color": "白",
        "width_m": 0.45,
        "id": "MRK-135",
        "type": "marking"
      },
      "geometry": {
        "type": "LineString",
        "coordinates": [
          [
            121.41891343949315,
            28.656425825149675
          ],
          [
            121.41899156635588,
            28.6564113207003
          ]
        ]
      }
    },
    {
      "type": "Feature",
      "id": 136,
      "properties": {
        "fid": 136,
        "mark_type": "斑马线",
        "color": "白",
        "width_m": 0.45,
        "id": "MRK-136",
        "type": "marking"
      },
      "geometry": {
        "type": "LineString",
        "coordinates": [
          [
            121.41891119943875,
            28.656416667888138
          ],
          [
            121.41898932629486,
            28.65640216343979
          ]
        ]
      }
    },
    {
      "type": "Feature",
      "id": 137,
      "properties": {
        "fid": 137,
        "mark_type": "斑马线",
        "color": "白",
        "width_m": 0.45,
        "id": "MRK-137",
        "type": "marking"
      },
      "geometry": {
        "type": "LineString",
        "coordinates": [
          [
            121.41890903695416,
            28.65640782772785
          ],
          [
            121.41898716380389,
            28.656393323280476
          ]
        ]
      }
    },
    {
      "type": "Feature",
      "id": 138,
      "properties": {
        "fid": 138,
        "mark_type": "斑马线",
        "color": "白",
        "width_m": 0.45,
        "id": "MRK-138",
        "type": "marking"
      },
      "geometry": {
        "type": "LineString",
        "coordinates": [
          [
            121.41890707143298,
            28.656399792745724
          ],
          [
            121.4189851982769,
            28.65638528829926
          ]
        ]
      }
    },
    {
      "type": "Feature",
      "id": 139,
      "properties": {
        "fid": 139,
        "mark_type": "斑马线",
        "color": "白",
        "width_m": 0.45,
        "id": "MRK-139",
        "type": "marking"
      },
      "geometry": {
        "type": "LineString",
        "coordinates": [
          [
            121.41890484351585,
            28.65639068509681
          ],
          [
            121.4189829703532,
            28.656376180651353
          ]
        ]
      }
    },
    {
      "type": "Feature",
      "id": 140,
      "properties": {
        "fid": 140,
        "mark_type": "斑马线",
        "color": "白",
        "width_m": 0.45,
        "id": "MRK-140",
        "type": "marking"
      },
      "geometry": {
        "type": "LineString",
        "coordinates": [
          [
            121.41890269924735,
            28.656381919399216
          ],
          [
            121.41898082607837,
            28.656367414954733
          ]
        ]
      }
    },
    {
      "type": "Feature",
      "id": 141,
      "properties": {
        "fid": 141,
        "mark_type": "斑马线",
        "color": "白",
        "width_m": 0.45,
        "id": "MRK-141",
        "type": "marking"
      },
      "geometry": {
        "type": "LineString",
        "coordinates": [
          [
            121.41890038969368,
            28.656372478019904
          ],
          [
            121.41897851651788,
            28.656357973576466
          ]
        ]
      }
    },
    {
      "type": "Feature",
      "id": 142,
      "properties": {
        "fid": 142,
        "mark_type": "斑马线",
        "color": "白",
        "width_m": 0.45,
        "id": "MRK-142",
        "type": "marking"
      },
      "geometry": {
        "type": "LineString",
        "coordinates": [
          [
            121.41889842284758,
            28.656364437616638
          ],
          [
            121.41897654966597,
            28.656349933174102
          ]
        ]
      }
    },
    {
      "type": "Feature",
      "id": 143,
      "properties": {
        "fid": 143,
        "mark_type": "斑马线",
        "color": "白",
        "width_m": 0.45,
        "id": "MRK-143",
        "type": "marking"
      },
      "geometry": {
        "type": "LineString",
        "coordinates": [
          [
            121.41889612748666,
            28.65635505425397
          ],
          [
            121.41897425429829,
            28.656340549812487
          ]
        ]
      }
    },
    {
      "type": "Feature",
      "id": 144,
      "properties": {
        "fid": 144,
        "mark_type": "斑马线",
        "color": "白",
        "width_m": 0.45,
        "id": "MRK-144",
        "type": "marking"
      },
      "geometry": {
        "type": "LineString",
        "coordinates": [
          [
            121.41889406008154,
            28.65634660276603
          ],
          [
            121.41897218688706,
            28.656332098325485
          ]
        ]
      }
    },
    {
      "type": "Feature",
      "id": 145,
      "properties": {
        "fid": 145,
        "mark_type": "斑马线",
        "color": "白",
        "width_m": 0.45,
        "id": "MRK-145",
        "type": "marking"
      },
      "geometry": {
        "type": "LineString",
        "coordinates": [
          [
            121.41889209323632,
            28.65633856236269
          ],
          [
            121.41897022003603,
            28.65632405792304
          ]
        ]
      }
    },
    {
      "type": "Feature",
      "id": 146,
      "properties": {
        "fid": 146,
        "mark_type": "斑马线",
        "color": "白",
        "width_m": 0.45,
        "id": "MRK-146",
        "type": "marking"
      },
      "geometry": {
        "type": "LineString",
        "coordinates": [
          [
            121.41889000697552,
            28.656330033790876
          ],
          [
            121.41896813376907,
            28.656315529352177
          ]
        ]
      }
    },
    {
      "type": "Feature",
      "id": 147,
      "properties": {
        "fid": 147,
        "mark_type": "斑马线",
        "color": "白",
        "width_m": 0.45,
        "id": "MRK-147",
        "type": "marking"
      },
      "geometry": {
        "type": "LineString",
        "coordinates": [
          [
            121.41888768055726,
            28.65632052346106
          ],
          [
            121.41896580734395,
            28.65630601902342
          ]
        ]
      }
    },
    {
      "type": "Feature",
      "id": 148,
      "properties": {
        "fid": 148,
        "mark_type": "斑马线",
        "color": "白",
        "width_m": 0.45,
        "id": "MRK-148",
        "type": "marking"
      },
      "geometry": {
        "type": "LineString",
        "coordinates": [
          [
            121.41888575960414,
            28.65631202991425
          ],
          [
            121.41896388638467,
            28.65629752547746
          ]
        ]
      }
    },
    {
      "type": "Feature",
      "id": 149,
      "properties": {
        "fid": 149,
        "mark_type": "斑马线",
        "color": "白",
        "width_m": 0.45,
        "id": "MRK-149",
        "type": "marking"
      },
      "geometry": {
        "type": "LineString",
        "coordinates": [
          [
            121.41887811923102,
            28.656286600871326
          ],
          [
            121.41895624599334,
            28.656272096438187
          ]
        ]
      }
    },
    {
      "type": "Feature",
      "id": 150,
      "properties": {
        "fid": 150,
        "mark_type": "斑马线",
        "color": "白",
        "width_m": 0.45,
        "id": "MRK-150",
        "type": "marking"
      },
      "geometry": {
        "type": "LineString",
        "coordinates": [
          [
            121.41887577960206,
            28.65627673096996
          ],
          [
            121.41895390635725,
            28.65626222653789
          ]
        ]
      }
    },
    {
      "type": "Feature",
      "id": 151,
      "properties": {
        "fid": 151,
        "mark_type": "斑马线",
        "color": "白",
        "width_m": 0.45,
        "id": "MRK-151",
        "type": "marking"
      },
      "geometry": {
        "type": "LineString",
        "coordinates": [
          [
            121.4188740131747,
            28.656269279161723
          ],
          [
            121.4189521399245,
            28.65625477473044
          ]
        ]
      }
    },
    {
      "type": "Feature",
      "id": 152,
      "properties": {
        "fid": 152,
        "mark_type": "斑马线",
        "color": "白",
        "width_m": 0.45,
        "id": "MRK-152",
        "type": "marking"
      },
      "geometry": {
        "type": "LineString",
        "coordinates": [
          [
            121.41887190826196,
            28.656260399425875
          ],
          [
            121.41895003500534,
            28.656245894995543
          ]
        ]
      }
    },
    {
      "type": "Feature",
      "id": 153,
      "properties": {
        "fid": 153,
        "mark_type": "斑马线",
        "color": "白",
        "width_m": 0.45,
        "id": "MRK-153",
        "type": "marking"
      },
      "geometry": {
        "type": "LineString",
        "coordinates": [
          [
            121.4188701239901,
            28.656252872337067
          ],
          [
            121.41894825072804,
            28.656238367907534
          ]
        ]
      }
    },
    {
      "type": "Feature",
      "id": 154,
      "properties": {
        "fid": 154,
        "mark_type": "斑马线",
        "color": "白",
        "width_m": 0.45,
        "id": "MRK-154",
        "type": "marking"
      },
      "geometry": {
        "type": "LineString",
        "coordinates": [
          [
            121.41886795245563,
            28.656243711549664
          ],
          [
            121.41894607918694,
            28.65622920712111
          ]
        ]
      }
    },
    {
      "type": "Feature",
      "id": 155,
      "properties": {
        "fid": 155,
        "mark_type": "斑马线",
        "color": "白",
        "width_m": 0.45,
        "id": "MRK-155",
        "type": "marking"
      },
      "geometry": {
        "type": "LineString",
        "coordinates": [
          [
            121.41886580645547,
            28.656234658479345
          ],
          [
            121.41894393318024,
            28.656220154051763
          ]
        ]
      }
    },
    {
      "type": "Feature",
      "id": 156,
      "properties": {
        "fid": 156,
        "mark_type": "斑马线",
        "color": "白",
        "width_m": 0.45,
        "id": "MRK-156",
        "type": "marking"
      },
      "geometry": {
        "type": "LineString",
        "coordinates": [
          [
            121.4188638170955,
            28.65622626620667
          ],
          [
            121.4189419438142,
            28.65621176177998
          ]
        ]
      }
    },
    {
      "type": "Feature",
      "id": 157,
      "properties": {
        "fid": 157,
        "mark_type": "斑马线",
        "color": "白",
        "width_m": 0.45,
        "id": "MRK-157",
        "type": "marking"
      },
      "geometry": {
        "type": "LineString",
        "coordinates": [
          [
            121.41886280963648,
            28.656217110536343
          ],
          [
            121.41894093634843,
            28.656202606109954
          ]
        ]
      }
    },
    {
      "type": "Feature",
      "id": 158,
      "properties": {
        "fid": 158,
        "mark_type": "斑马线",
        "color": "白",
        "width_m": 0.45,
        "id": "MRK-158",
        "type": "marking"
      },
      "geometry": {
        "type": "LineString",
        "coordinates": [
          [
            121.41885918890017,
            28.656208960432135
          ],
          [
            121.41893731560641,
            28.6561944560076
          ]
        ]
      }
    },
    {
      "type": "Feature",
      "id": 159,
      "properties": {
        "fid": 159,
        "mark_type": "斑马线",
        "color": "白",
        "width_m": 0.45,
        "id": "MRK-159",
        "type": "marking"
      },
      "geometry": {
        "type": "LineString",
        "coordinates": [
          [
            121.41867497814435,
            28.65654362695076
          ],
          [
            121.4186919824928,
            28.656614847577107
          ]
        ]
      }
    },
    {
      "type": "Feature",
      "id": 160,
      "properties": {
        "fid": 160,
        "mark_type": "斑马线",
        "color": "白",
        "width_m": 0.45,
        "id": "MRK-160",
        "type": "marking"
      },
      "geometry": {
        "type": "LineString",
        "coordinates": [
          [
            121.41868577068986,
            28.656541728260795
          ],
          [
            121.41870277504545,
            28.656612948886078
          ]
        ]
      }
    },
    {
      "type": "Feature",
      "id": 161,
      "properties": {
        "fid": 161,
        "mark_type": "斑马线",
        "color": "白",
        "width_m": 0.45,
        "id": "MRK-161",
        "type": "marking"
      },
      "geometry": {
        "type": "LineString",
        "coordinates": [
          [
            121.41869656323503,
            28.65653982956994
          ],
          [
            121.41871356759773,
            28.65661105019416
          ]
        ]
      }
    },
    {
      "type": "Feature",
      "id": 162,
      "properties": {
        "fid": 162,
        "mark_type": "斑马线",
        "color": "白",
        "width_m": 0.45,
        "id": "MRK-162",
        "type": "marking"
      },
      "geometry": {
        "type": "LineString",
        "coordinates": [
          [
            121.41870735577986,
            28.65653793087822
          ],
          [
            121.41872436014968,
            28.656609151501378
          ]
        ]
      }
    },
    {
      "type": "Feature",
      "id": 163,
      "properties": {
        "fid": 163,
        "mark_type": "斑马线",
        "color": "白",
        "width_m": 0.45,
        "id": "MRK-163",
        "type": "marking"
      },
      "geometry": {
        "type": "LineString",
        "coordinates": [
          [
            121.41871814832433,
            28.656536032185613
          ],
          [
            121.41873515270129,
            28.65660725280771
          ]
        ]
      }
    },
    {
      "type": "Feature",
      "id": 164,
      "properties": {
        "fid": 164,
        "mark_type": "斑马线",
        "color": "白",
        "width_m": 0.45,
        "id": "MRK-164",
        "type": "marking"
      },
      "geometry": {
        "type": "LineString",
        "coordinates": [
          [
            121.41872894086845,
            28.656534133492144
          ],
          [
            121.41874594525252,
            28.65660535411317
          ]
        ]
      }
    },
    {
      "type": "Feature",
      "id": 165,
      "properties": {
        "fid": 165,
        "mark_type": "斑马线",
        "color": "白",
        "width_m": 0.45,
        "id": "MRK-165",
        "type": "marking"
      },
      "geometry": {
        "type": "LineString",
        "coordinates": [
          [
            121.41873997427024,
            28.656532192424475
          ],
          [
            121.4187569786616,
            28.656603413044426
          ]
        ]
      }
    },
    {
      "type": "Feature",
      "id": 166,
      "properties": {
        "fid": 166,
        "mark_type": "斑马线",
        "color": "白",
        "width_m": 0.45,
        "id": "MRK-166",
        "type": "marking"
      },
      "geometry": {
        "type": "LineString",
        "coordinates": [
          [
            121.41875076681366,
            28.656530293729222
          ],
          [
            121.41876777121215,
            28.65660151434812
          ]
        ]
      }
    },
    {
      "type": "Feature",
      "id": 167,
      "properties": {
        "fid": 167,
        "mark_type": "斑马线",
        "color": "白",
        "width_m": 0.45,
        "id": "MRK-167",
        "type": "marking"
      },
      "geometry": {
        "type": "LineString",
        "coordinates": [
          [
            121.41876155935674,
            28.656528395033114
          ],
          [
            121.41877856376234,
            28.65659961565093
          ]
        ]
      }
    },
    {
      "type": "Feature",
      "id": 168,
      "properties": {
        "fid": 168,
        "mark_type": "斑马线",
        "color": "白",
        "width_m": 0.45,
        "id": "MRK-168",
        "type": "marking"
      },
      "geometry": {
        "type": "LineString",
        "coordinates": [
          [
            121.41877235189946,
            28.656526496336113
          ],
          [
            121.4187893563122,
            28.656597716952874
          ]
        ]
      }
    },
    {
      "type": "Feature",
      "id": 169,
      "properties": {
        "fid": 169,
        "mark_type": "斑马线",
        "color": "白",
        "width_m": 0.45,
        "id": "MRK-169",
        "type": "marking"
      },
      "geometry": {
        "type": "LineString",
        "coordinates": [
          [
            121.41878314444185,
            28.656524597638242
          ],
          [
            121.4188001488617,
            28.656595818253937
          ]
        ]
      }
    },
    {
      "type": "Feature",
      "id": 170,
      "properties": {
        "fid": 170,
        "mark_type": "斑马线",
        "color": "白",
        "width_m": 0.45,
        "id": "MRK-170",
        "type": "marking"
      },
      "geometry": {
        "type": "LineString",
        "coordinates": [
          [
            121.41879393698387,
            28.656522698939487
          ],
          [
            121.41881094141085,
            28.656593919554112
          ]
        ]
      }
    },
    {
      "type": "Feature",
      "id": 171,
      "properties": {
        "fid": 171,
        "mark_type": "斑马线",
        "color": "白",
        "width_m": 0.45,
        "id": "MRK-171",
        "type": "marking"
      },
      "geometry": {
        "type": "LineString",
        "coordinates": [
          [
            121.41880472952556,
            28.656520800239857
          ],
          [
            121.41882173395967,
            28.656592020853424
          ]
        ]
      }
    },
    {
      "type": "Feature",
      "id": 172,
      "properties": {
        "fid": 172,
        "mark_type": "斑马线",
        "color": "白",
        "width_m": 0.45,
        "id": "MRK-172",
        "type": "marking"
      },
      "geometry": {
        "type": "LineString",
        "coordinates": [
          [
            121.4188155220669,
            28.656518901539354
          ],
          [
            121.41883252650813,
            28.65659012215186
          ]
        ]
      }
    },
    {
      "type": "Feature",
      "id": 173,
      "properties": {
        "fid": 173,
        "mark_type": "斑马线",
        "color": "白",
        "width_m": 0.45,
        "id": "MRK-173",
        "type": "marking"
      },
      "geometry": {
        "type": "LineString",
        "coordinates": [
          [
            121.41882631460788,
            28.656517002837962
          ],
          [
            121.41884331905625,
            28.65658822344942
          ]
        ]
      }
    },
    {
      "type": "Feature",
      "id": 174,
      "properties": {
        "fid": 174,
        "mark_type": "斑马线",
        "color": "白",
        "width_m": 0.45,
        "id": "MRK-174",
        "type": "marking"
      },
      "geometry": {
        "type": "LineString",
        "coordinates": [
          [
            121.41883710714853,
            28.656515104135707
          ],
          [
            121.41885411160402,
            28.656586324746094
          ]
        ]
      }
    },
    {
      "type": "Feature",
      "id": 175,
      "properties": {
        "fid": 175,
        "mark_type": "斑马线",
        "color": "白",
        "width_m": 0.45,
        "id": "MRK-175",
        "type": "marking"
      },
      "geometry": {
        "type": "LineString",
        "coordinates": [
          [
            121.41884789968883,
            28.65651320543257
          ],
          [
            121.41886490415143,
            28.6565844260419
          ]
        ]
      }
    },
    {
      "type": "Feature",
      "id": 176,
      "properties": {
        "fid": 176,
        "mark_type": "斑马线",
        "color": "白",
        "width_m": 0.45,
        "id": "MRK-176",
        "type": "marking"
      },
      "geometry": {
        "type": "LineString",
        "coordinates": [
          [
            121.41886457844944,
            28.65606134995352
          ],
          [
            121.41893173778826,
            28.656102333296786
          ]
        ]
      }
    },
    {
      "type": "Feature",
      "id": 177,
      "properties": {
        "fid": 177,
        "mark_type": "斑马线",
        "color": "白",
        "width_m": 0.45,
        "id": "MRK-177",
        "type": "marking"
      },
      "geometry": {
        "type": "LineString",
        "coordinates": [
          [
            121.41886958017685,
            28.656054074242
          ],
          [
            121.41893673951323,
            28.656095057582736
          ]
        ]
      }
    },
    {
      "type": "Feature",
      "id": 178,
      "properties": {
        "fid": 178,
        "mark_type": "斑马线",
        "color": "白",
        "width_m": 0.45,
        "id": "MRK-178",
        "type": "marking"
      },
      "geometry": {
        "type": "LineString",
        "coordinates": [
          [
            121.41887529136778,
            28.6560464344982
          ],
          [
            121.4189424507018,
            28.65608741783604
          ]
        ]
      }
    },
    {
      "type": "Feature",
      "id": 179,
      "properties": {
        "fid": 179,
        "mark_type": "斑马线",
        "color": "白",
        "width_m": 0.45,
        "id": "MRK-179",
        "type": "marking"
      },
      "geometry": {
        "type": "LineString",
        "coordinates": [
          [
            121.41888182129854,
            28.656038406257217
          ],
          [
            121.41894898063032,
            28.656079389591763
          ]
        ]
      }
    },
    {
      "type": "Feature",
      "id": 180,
      "properties": {
        "fid": 180,
        "mark_type": "斑马线",
        "color": "白",
        "width_m": 0.45,
        "id": "MRK-180",
        "type": "marking"
      },
      "geometry": {
        "type": "LineString",
        "coordinates": [
          [
            121.41888808053649,
            28.656031054211077
          ],
          [
            121.4189552398663,
            28.65607203754246
          ]
        ]
      }
    },
    {
      "type": "Feature",
      "id": 181,
      "properties": {
        "fid": 181,
        "mark_type": "斑马线",
        "color": "白",
        "width_m": 0.45,
        "id": "MRK-181",
        "type": "marking"
      },
      "geometry": {
        "type": "LineString",
        "coordinates": [
          [
            121.41889324700864,
            28.656023946812457
          ],
          [
            121.41896040633621,
            28.65606493014122
          ]
        ]
      }
    },
    {
      "type": "Feature",
      "id": 182,
      "properties": {
        "fid": 182,
        "mark_type": "斑马线",
        "color": "白",
        "width_m": 0.45,
        "id": "MRK-182",
        "type": "marking"
      },
      "geometry": {
        "type": "LineString",
        "coordinates": [
          [
            121.41839311634247,
            28.656183315438522
          ],
          [
            121.41842285955751,
            28.656141157518835
          ]
        ]
      }
    },
    {
      "type": "Feature",
      "id": 183,
      "properties": {
        "fid": 183,
        "mark_type": "斑马线",
        "color": "白",
        "width_m": 0.45,
        "id": "MRK-183",
        "type": "marking"
      },
      "geometry": {
        "type": "LineString",
        "coordinates": [
          [
            121.4184028735963,
            28.656188928528877
          ],
          [
            121.41843261680924,
            28.656146770606995
          ]
        ]
      }
    },
    {
      "type": "Feature",
      "id": 184,
      "properties": {
        "fid": 184,
        "mark_type": "斑马线",
        "color": "白",
        "width_m": 0.45,
        "id": "MRK-184",
        "type": "marking"
      },
      "geometry": {
        "type": "LineString",
        "coordinates": [
          [
            121.41841262419358,
            28.656192901530222
          ],
          [
            121.41844236740393,
            28.656150743606105
          ]
        ]
      }
    },
    {
      "type": "Feature",
      "id": 185,
      "properties": {
        "fid": 185,
        "mark_type": "斑马线",
        "color": "白",
        "width_m": 0.45,
        "id": "MRK-185",
        "type": "marking"
      },
      "geometry": {
        "type": "LineString",
        "coordinates": [
          [
            121.41842187099033,
            28.656196534572327
          ],
          [
            121.41845161419819,
            28.6561543766461
          ]
        ]
      }
    },
    {
      "type": "Feature",
      "id": 186,
      "properties": {
        "fid": 186,
        "mark_type": "停止线",
        "color": "白",
        "width_m": 0.3,
        "id": "MRK-186",
        "type": "marking"
      },
      "geometry": {
        "type": "LineString",
        "coordinates": [
          [
            121.4183744166061,
            28.65619120260283
          ],
          [
            121.41841081722845,
            28.656211919409248
          ]
        ]
      }
    },
    {
      "type": "Feature",
      "id": 187,
      "properties": {
        "fid": 187,
        "mark_type": "斑马线",
        "color": "白",
        "width_m": 0.45,
        "id": "MRK-187",
        "type": "marking"
      },
      "geometry": {
        "type": "LineString",
        "coordinates": [
          [
            121.41903879459997,
            28.656527337894342
          ],
          [
            121.41899677486619,
            28.65658989143302
          ]
        ]
      }
    },
    {
      "type": "Feature",
      "id": 188,
      "properties": {
        "fid": 188,
        "mark_type": "斑马线",
        "color": "白",
        "width_m": 0.45,
        "id": "MRK-188",
        "type": "marking"
      },
      "geometry": {
        "type": "LineString",
        "coordinates": [
          [
            121.41904516600147,
            28.65653411937418
          ],
          [
            121.41900314626847,
            28.656596672914826
          ]
        ]
      }
    },
    {
      "type": "Feature",
      "id": 189,
      "properties": {
        "fid": 189,
        "mark_type": "斑马线",
        "color": "白",
        "width_m": 0.45,
        "id": "MRK-189",
        "type": "marking"
      },
      "geometry": {
        "type": "LineString",
        "coordinates": [
          [
            121.41905224853771,
            28.65654094684305
          ],
          [
            121.41901022880587,
            28.656603500385874
          ]
        ]
      }
    },
    {
      "type": "Feature",
      "id": 190,
      "properties": {
        "fid": 190,
        "mark_type": "斑马线",
        "color": "白",
        "width_m": 0.45,
        "id": "MRK-190",
        "type": "marking"
      },
      "geometry": {
        "type": "LineString",
        "coordinates": [
          [
            121.41905861660717,
            28.65654690827799
          ],
          [
            121.41901659687646,
            28.65660946182281
          ]
        ]
      }
    },
    {
      "type": "Feature",
      "id": 191,
      "properties": {
        "fid": 191,
        "mark_type": "斑马线",
        "color": "白",
        "width_m": 0.45,
        "id": "MRK-191",
        "type": "marking"
      },
      "geometry": {
        "type": "LineString",
        "coordinates": [
          [
            121.41906804443367,
            28.65655218469538
          ],
          [
            121.41902602470614,
            28.656614738243203
          ]
        ]
      }
    },
    {
      "type": "Feature",
      "id": 192,
      "properties": {
        "fid": 192,
        "mark_type": "斑马线",
        "color": "白",
        "width_m": 0.45,
        "id": "MRK-192",
        "type": "marking"
      },
      "geometry": {
        "type": "LineString",
        "coordinates": [
          [
            121.41851706683406,
            28.656607615783763
          ],
          [
            121.41858550220184,
            28.656653033216813
          ]
        ]
      }
    },
    {
      "type": "Feature",
      "id": 193,
      "properties": {
        "fid": 193,
        "mark_type": "斑马线",
        "color": "白",
        "width_m": 0.45,
        "id": "MRK-193",
        "type": "marking"
      },
      "geometry": {
        "type": "LineString",
        "coordinates": [
          [
            121.41851140772694,
            28.656614628244288
          ],
          [
            121.41857984309654,
            28.656660045680244
          ]
        ]
      }
    },
    {
      "type": "Feature",
      "id": 194,
      "properties": {
        "fid": 194,
        "mark_type": "斑马线",
        "color": "白",
        "width_m": 0.45,
        "id": "MRK-194",
        "type": "marking"
      },
      "geometry": {
        "type": "LineString",
        "coordinates": [
          [
            121.41850602930315,
            28.65662342464279
          ],
          [
            121.41857446467581,
            28.65666884208153
          ]
        ]
      }
    },
    {
      "type": "Feature",
      "id": 195,
      "properties": {
        "fid": 195,
        "mark_type": "斑马线",
        "color": "白",
        "width_m": 0.45,
        "id": "MRK-195",
        "type": "marking"
      },
      "geometry": {
        "type": "LineString",
        "coordinates": [
          [
            121.41849960026,
            28.65662937828761
          ],
          [
            121.41856803563348,
            28.656674795729607
          ]
        ]
      }
    },
    {
      "type": "Feature",
      "id": 196,
      "properties": {
        "fid": 196,
        "mark_type": "斑马线",
        "color": "白",
        "width_m": 0.45,
        "id": "MRK-196",
        "type": "marking"
      },
      "geometry": {
        "type": "LineString",
        "coordinates": [
          [
            121.41849525580632,
            28.65663691721825
          ],
          [
            121.41856369118254,
            28.656682334662502
          ]
        ]
      }
    },
    {
      "type": "Feature",
      "id": 197,
      "properties": {
        "fid": 197,
        "mark_type": "车道实线",
        "color": "白",
        "width_m": 0.15,
        "id": "MRK-197",
        "type": "marking"
      },
      "geometry": {
        "type": "LineString",
        "coordinates": [
          [
            121.41801271404974,
            28.656333525016034
          ],
          [
            121.41822321137877,
            28.656293787479242
          ],
          [
            121.41822755254314,
            28.656292620789543
          ],
          [
            121.41823187040274,
            28.656291388648906
          ],
          [
            121.41823616368934,
            28.65629009141921
          ],
          [
            121.41824043114198,
            28.65628872948146
          ],
          [
            121.41824467150725,
            28.65628730323569
          ],
          [
            121.41824888353972,
            28.656285813100787
          ],
          [
            121.41825306600225,
            28.656284259514432
          ],
          [
            121.41825721766642,
            28.65628264293292
          ],
          [
            121.41826133731284,
            28.656280963831076
          ],
          [
            121.41826542373153,
            28.65627922270205
          ],
          [
            121.41826947572224,
            28.656277420057254
          ],
          [
            121.41827349209488,
            28.65627555642611
          ],
          [
            121.4182774716698,
            28.656273632356026
          ],
          [
            121.41828141327814,
            28.6562716484121
          ],
          [
            121.41828531576222,
            28.656269605177037
          ],
          [
            121.41828917797582,
            28.65626750325097
          ],
          [
            121.4182929987846,
            28.65626534325125
          ],
          [
            121.41829677706632,
            28.65626312581229
          ],
          [
            121.41830051171127,
            28.65626085158538
          ],
          [
            121.41830420162253,
            28.656258521238506
          ],
          [
            121.41830784571637,
            28.65625613545608
          ],
          [
            121.41831144292246,
            28.656253694938844
          ],
          [
            121.41831499218425,
            28.65625120040361
          ],
          [
            121.41831849245932,
            28.656248652583045
          ],
          [
            121.41832194271957,
            28.65624605222549
          ],
          [
            121.41832534195166,
            28.65624340009469
          ],
          [
            121.41832868915716,
            28.656240696969583
          ],
          [
            121.418331983353,
            28.656237943644122
          ],
          [
            121.41833522357163,
            28.65623514092699
          ],
          [
            121.41833840886136,
            28.656232289641384
          ],
          [
            121.41834153828664,
            28.656229390624727
          ],
          [
            121.41834461092834,
            28.656226444728524
          ],
          [
            121.418347625884,
            28.656223452818008
          ],
          [
            121.41835058226808,
            28.656220415771923
          ],
          [
            121.41835347921226,
            28.656217334482303
          ],
          [
            121.41835631586571,
            28.656214209854127
          ],
          [
            121.41835909139526,
            28.65621104280515
          ],
          [
            121.41836180498571,
            28.65620783426556
          ],
          [
            121.41836445584006,
            28.656204585177758
          ],
          [
            121.41836704317974,
            28.65620129649601
          ],
          [
            121.41836956624482,
            28.656197969186255
          ],
          [
            121.41837202429426,
            28.656194604225753
          ],
          [
            121.4183744166061,
            28.65619120260283
          ]
        ]
      }
    },
    {
      "type": "Feature",
      "id": 198,
      "properties": {
        "fid": 198,
        "mark_type": "车道实线",
        "color": "白",
        "width_m": 0.15,
        "id": "MRK-198",
        "type": "marking"
      },
      "geometry": {
        "type": "LineString",
        "coordinates": [
          [
            121.41900806448805,
            28.656097967522435
          ],
          [
            121.41901550385728,
            28.656100289573224
          ],
          [
            121.41902298664375,
            28.65610250042007
          ],
          [
            121.41903051071117,
            28.656104599431792
          ],
          [
            121.41903807391141,
            28.656106586009123
          ],
          [
            121.4190456740852,
            28.656108459584893
          ],
          [
            121.4190533090627,
            28.65611021962419
          ],
          [
            121.41906097666414,
            28.656111865624542
          ],
          [
            121.41906867470043,
            28.65611339711601
          ],
          [
            121.4190764009738,
            28.656114813661343
          ],
          [
            121.41908415327839,
            28.656116114856136
          ],
          [
            121.41909192940095,
            28.656117300328884
          ],
          [
            121.4190997271214,
            28.656118369741154
          ],
          [
            121.4191075442135,
            28.656119322787596
          ],
          [
            121.4191153784455,
            28.65612015919615
          ],
          [
            121.4191232275807,
            28.656120878728004
          ],
          [
            121.41913108937821,
            28.65612148117774
          ],
          [
            121.4191389615935,
            28.656121966373345
          ],
          [
            121.41914684197904,
            28.656122334176313
          ],
          [
            121.41915472828502,
            28.656122584481622
          ],
          [
            121.41916261825989,
            28.656122717217816
          ],
          [
            121.41917050965107,
            28.656122732346997
          ],
          [
            121.41917840020558,
            28.656122629864843
          ],
          [
            121.41918628767068,
            28.6561224098006
          ],
          [
            121.41919416979452,
            28.656122072217116
          ],
          [
            121.41920204432675,
            28.656121617210754
          ],
          [
            121.4192099090192,
            28.656121044911433
          ],
          [
            121.41921776162651,
            28.656120355482535
          ],
          [
            121.41922559990678,
            28.656119549120884
          ],
          [
            121.4192334216222,
            28.6561186260567
          ],
          [
            121.41924122453965,
            28.656117586553513
          ],
          [
            121.41937182829918,
            28.656092860980163
          ]
        ]
      }
    },
    {
      "type": "Feature",
      "id": 199,
      "properties": {
        "fid": 199,
        "mark_type": "车道实线",
        "color": "白",
        "width_m": 0.15,
        "id": "MRK-199",
        "type": "marking"
      },
      "geometry": {
        "type": "LineString",
        "coordinates": [
          [
            121.41913189707088,
            28.656156426815716
          ],
          [
            121.41906589406383,
            28.656148074130353
          ]
        ]
      }
    },
    {
      "type": "Feature",
      "id": 200,
      "properties": {
        "fid": 200,
        "mark_type": "车道实线",
        "color": "白",
        "width_m": 0.15,
        "id": "MRK-200",
        "type": "marking"
      },
      "geometry": {
        "type": "LineString",
        "coordinates": [
          [
            121.41913189707088,
            28.656156426815716
          ],
          [
            121.41893731560641,
            28.6561944560076
          ]
        ]
      }
    },
    {
      "type": "Feature",
      "id": 201,
      "properties": {
        "fid": 201,
        "mark_type": "车道实线",
        "color": "白",
        "width_m": 0.15,
        "id": "MRK-201",
        "type": "marking"
      },
      "geometry": {
        "type": "LineString",
        "coordinates": [
          [
            121.4186858757157,
            28.655822383785193
          ],
          [
            121.41872445326405,
            28.655963213682565
          ]
        ]
      }
    },
    {
      "type": "Feature",
      "id": 202,
      "properties": {
        "fid": 202,
        "mark_type": "车道实线",
        "color": "白",
        "width_m": 0.15,
        "id": "MRK-202",
        "type": "marking"
      },
      "geometry": {
        "type": "LineString",
        "coordinates": [
          [
            121.41890840218012,
            28.656727384050548
          ],
          [
            121.41889603252267,
            28.656680062120017
          ]
        ]
      }
    },
    {
      "type": "Feature",
      "id": 203,
      "properties": {
        "fid": 203,
        "mark_type": "车道实线",
        "color": "白",
        "width_m": 0.45,
        "id": "MRK-203",
        "type": "marking"
      },
      "geometry": {
        "type": "LineString",
        "coordinates": [
          [
            121.41871535007033,
            28.655929981902382
          ],
          [
            121.41871859985432,
            28.65592269152828
          ],
          [
            121.41872889215378,
            28.655926646332592
          ]
        ]
      }
    },
    {
      "type": "Feature",
      "id": 204,
      "properties": {
        "fid": 204,
        "mark_type": "车道实线",
        "color": "白",
        "width_m": 0.3,
        "id": "MRK-204",
        "type": "marking"
      },
      "geometry": {
        "type": "LineString",
        "coordinates": [
          [
            121.41870963003663,
            28.65590910055013
          ],
          [
            121.41871146074902,
            28.655901923290813
          ],
          [
            121.4187189132064,
            28.655908440281838
          ]
        ]
      }
    },
    {
      "type": "Feature",
      "id": 205,
      "properties": {
        "fid": 205,
        "mark_type": "车道实线",
        "color": "白",
        "width_m": 0.3,
        "id": "MRK-205",
        "type": "marking"
      },
      "geometry": {
        "type": "LineString",
        "coordinates": [
          [
            121.41909140299236,
            28.656151302291068
          ],
          [
            121.4190847932546,
            28.656158867157004
          ],
          [
            121.41909199904454,
            28.656164224550317
          ]
        ]
      }
    },
    {
      "type": "Feature",
      "id": 206,
      "properties": {
        "fid": 206,
        "mark_type": "车道实线",
        "color": "白",
        "width_m": 0.3,
        "id": "MRK-206",
        "type": "marking"
      },
      "geometry": {
        "type": "LineString",
        "coordinates": [
          [
            121.41918274303453,
            28.65639005326614
          ],
          [
            121.41919146704159,
            28.65639538083657
          ],
          [
            121.41918774796235,
            28.65640396978718
          ]
        ]
      }
    },
    {
      "type": "Feature",
      "id": 207,
      "properties": {
        "fid": 207,
        "mark_type": "车道实线",
        "color": "白",
        "width_m": 0.3,
        "id": "MRK-207",
        "type": "marking"
      },
      "geometry": {
        "type": "LineString",
        "coordinates": [
          [
            121.4189046888353,
            28.656713178111964
          ],
          [
            121.4189107021958,
            28.656705911931258
          ],
          [
            121.4189147636173,
            28.656714415027594
          ]
        ]
      }
    },
    {
      "type": "Feature",
      "id": 208,
      "properties": {
        "fid": 208,
        "mark_type": "车道实线",
        "color": "白",
        "width_m": 0.3,
        "id": "MRK-208",
        "type": "marking"
      },
      "geometry": {
        "type": "LineString",
        "coordinates": [
          [
            121.41890221735014,
            28.656703723085407
          ],
          [
            121.4189094605412,
            28.65669102979908
          ],
          [
            121.41891975805866,
            28.656704232888
          ]
        ]
      }
    },
    {
      "type": "Feature",
      "id": 209,
      "properties": {
        "fid": 209,
        "mark_type": "车道实线",
        "color": "白",
        "width_m": 0.15,
        "id": "MRK-209",
        "type": "marking"
      },
      "geometry": {
        "type": "LineString",
        "coordinates": [
          [
            121.41930997578534,
            28.656420976311516
          ],
          [
            121.41929977824677,
            28.65642316688627
          ],
          [
            121.4192896255976,
            28.65642551408997
          ],
          [
            121.41927952092965,
            28.656428017207833
          ],
          [
            121.41926946732009,
            28.656430675477555
          ],
          [
            121.41925946783056,
            28.656433488089622
          ],
          [
            121.4192495255062,
            28.656436454187517
          ],
          [
            121.41923964337478,
            28.656439572867956
          ],
          [
            121.4192298244457,
            28.65644284318121
          ],
          [
            121.4192200717091,
            28.656446264131368
          ],
          [
            121.41921038813506,
            28.656449834676646
          ],
          [
            121.41920077667248,
            28.65645355372968
          ],
          [
            121.41919124024838,
            28.65645742015793
          ],
          [
            121.4191817817669,
            28.656461432783935
          ],
          [
            121.41917240410842,
            28.65646559038572
          ],
          [
            121.41916311012876,
            28.656469891697174
          ],
          [
            121.41915390265824,
            28.656474335408408
          ],
          [
            121.4191447845008,
            28.656478920166183
          ],
          [
            121.41913575843323,
            28.656483644574294
          ],
          [
            121.41912682720427,
            28.656488507194002
          ],
          [
            121.41911799353375,
            28.656493506544496
          ]
        ]
      }
    },
    {
      "type": "Feature",
      "id": 210,
      "properties": {
        "fid": 210,
        "mark_type": "停止线",
        "color": "白",
        "width_m": 0.3,
        "id": "MRK-210",
        "type": "marking"
      },
      "geometry": {
        "type": "LineString",
        "coordinates": [
          [
            121.41856448621715,
            28.656692836732912
          ],
          [
            121.41857846801565,
            28.656678308301082
          ],
          [
            121.4186036497141,
            28.656649445573787
          ]
        ]
      }
    },
    {
      "type": "Feature",
      "id": 211,
      "properties": {
        "fid": 211,
        "mark_type": "4-6",
        "color": "白",
        "width_m": 0.15,
        "id": "MRK-211",
        "type": "marking"
      },
      "geometry": {
        "type": "LineString",
        "coordinates": [
          [
            121.41847763312704,
            28.656465316144505
          ],
          [
            121.41806233507529,
            28.65654561440897
          ]
        ]
      }
    },
    {
      "type": "Feature",
      "id": 212,
      "properties": {
        "fid": 212,
        "mark_type": "4-6",
        "color": "白",
        "width_m": 0.15,
        "id": "MRK-212",
        "type": "marking"
      },
      "geometry": {
        "type": "LineString",
        "coordinates": [
          [
            121.41848628262389,
            28.656494415838992
          ],
          [
            121.41807098446154,
            28.65657471412541
          ]
        ]
      }
    },
    {
      "type": "Feature",
      "id": 213,
      "properties": {
        "fid": 213,
        "mark_type": "4-6",
        "color": "白",
        "width_m": 0.15,
        "id": "MRK-213",
        "type": "marking"
      },
      "geometry": {
        "type": "LineString",
        "coordinates": [
          [
            121.41898332310927,
            28.656213543868684
          ],
          [
            121.41962121076871,
            28.65610134151942
          ]
        ]
      }
    },
    {
      "type": "Feature",
      "id": 214,
      "properties": {
        "fid": 214,
        "mark_type": "4-6",
        "color": "白",
        "width_m": 0.15,
        "id": "MRK-214",
        "type": "marking"
      },
      "geometry": {
        "type": "LineString",
        "coordinates": [
          [
            121.41899054775824,
            28.65624188527152
          ],
          [
            121.41960150726327,
            28.656130546698854
          ]
        ]
      }
    },
    {
      "type": "Feature",
      "id": 215,
      "properties": {
        "fid": 215,
        "mark_type": "2-4",
        "color": "白",
        "width_m": 0.15,
        "id": "MRK-215",
        "type": "marking"
      },
      "geometry": {
        "type": "LineString",
        "coordinates": [
          [
            121.41850848656249,
            28.655737101204945
          ],
          [
            121.41860052561802,
            28.65611046226244
          ]
        ]
      }
    },
    {
      "type": "Feature",
      "id": 216,
      "properties": {
        "fid": 216,
        "mark_type": "2-4",
        "color": "白",
        "width_m": 0.15,
        "id": "MRK-216",
        "type": "marking"
      },
      "geometry": {
        "type": "LineString",
        "coordinates": [
          [
            121.41893184806943,
            28.656961150296556
          ],
          [
            121.41884525454388,
            28.656608475044845
          ]
        ]
      }
    }
  ]
}