{
  "type": "FeatureCollection",
  "name": "交通岛",
  "crs": {
    "type": "name",
    "properties": {
      "name": "urn:ogc:def:crs:OGC:1.3:CRS84"
    }
  },
  "features": [
    {
      "type": "Feature",
      "id": 2,
      "properties": {
        "fid": 2,
        "island_id": "001",
        "island_type": null,
        "source": "google",
        "id": "ISL-002",
        "type": "traffic_island"
      },
      "geometry": {
        "type": "Polygon",
        "coordinates": [
          [
            [
              121.41825142812243,
              28.65632504416109
            ],
            [
              121.41859535234809,
              28.65625663117366
            ],
            [
              121.418539532441,
              28.656016851771344
            ],
            [
              121.41848502853031,
              28.656125483884672
            ],
            [
              121.41837675230062,
              28.656252345295698
            ],
            [
              121.41825142812243,
              28.65632504416109
            ]
          ]
        ]
      }
    },
    {
      "type": "Feature",
      "id": 3,
      "properties": {
        "fid": 3,
        "island_id": "002",
        "island_type": null,
        "source": "google",
        "id": "ISL-003",
        "type": "traffic_island"
      },
      "geometry": {
        "type": "Polygon",
        "coordinates": [
          [
            [
              121.4183796955642,
              28.6565490182732
            ],
            [
              121.41837958778491,
              28.6565490266962
            ],
            [
              121.41837948018814,
              28.656549036772528
            ],
            [
              121.4183793728065,
              28.65654904849915
            ],
            [
              121.4183792656725,
              28.6565490618725
            ],
            [
              121.4183791588186,
              28.656549076888535
            ],
            [
              121.41837905227717,
              28.65654909354271
            ],
            [
              121.41837894608051,
              28.656549111829968
            ],
            [
              121.41837884026076,
              28.656549131744775
            ],
            [
              121.41837873485,
              28.656549153281105
            ],
            [
              121.41837862988014,
              28.656549176432428
            ],
            [
              121.41837852538299,
              28.656549201191716
            ],
            [
              121.41837842139022,
              28.656549227551498
            ],
            [
              121.41837831793332,
              28.656549255503766
            ],
            [
              121.41837821504362,
              28.65654928504006
            ],
            [
              121.41837811275231,
              28.656549316151427
            ],
            [
              121.41837801109037,
              28.656549348828452
            ],
            [
              121.4183779100886,
              28.65654938306122
            ],
            [
              121.41837780977758,
              28.656549418839376
            ],
            [
              121.41837771018773,
              28.65654945615207
            ],
            [
              121.4183776113492,
              28.656549494988017
            ],
            [
              121.41837751329193,
              28.656549535335433
            ],
            [
              121.41837741604563,
              28.65654957718211
            ],
            [
              121.41837731963977,
              28.656549620515346
            ],
            [
              121.41837722410354,
              28.65654966532204
            ],
            [
              121.41837712946588,
              28.656549711588614
            ],
            [
              121.41837703575547,
              28.65654975930103
            ],
            [
              121.4183769430007,
              28.65654980844486
            ],
            [
              121.41837685122967,
              28.656549859005217
            ],
            [
              121.41837676047015,
              28.656549910966753
            ],
            [
              121.41837667074968,
              28.656549964313765
            ],
            [
              121.41837658209542,
              28.65655001903008
            ],
            [
              121.41837649453423,
              28.656550075099094
            ],
            [
              121.41837640809263,
              28.656550132503863
            ],
            [
              121.4183763227968,
              28.656550191226973
            ],
            [
              121.4183762386726,
              28.656550251250643
            ],
            [
              121.41837615574549,
              28.65655031255668
            ],
            [
              121.41837607404061,
              28.65655037512653
            ],
            [
              121.41837599358271,
              28.65655043894121
            ],
            [
              121.41837591439617,
              28.65655050398141
            ],
            [
              121.41837583650495,
              28.656550570227427
            ],
            [
              121.41837575993267,
              28.65655063765918
            ],
            [
              121.41837568470253,
              28.656550706256265
            ],
            [
              121.41837561083732,
              28.656550775997864
            ],
            [
              121.41837553835938,
              28.65655084686288
            ],
            [
              121.41837546729073,
              28.656550918829826
            ],
            [
              121.41837539765285,
              28.656550991876927
            ],
            [
              121.41837532946685,
              28.65655106598202
            ],
            [
              121.41837526275339,
              28.656551141122673
            ],
            [
              121.41837519753268,
              28.656551217276125
            ],
            [
              121.41837513382447,
              28.65655129441931
            ],
            [
              121.41837507164807,
              28.656551372528845
            ],
            [
              121.41837501102232,
              28.656551451581077
            ],
            [
              121.41837495196556,
              28.656551531552044
            ],
            [
              121.41837489449571,
              28.656551612417534
            ],
            [
              121.41837483863016,
              28.656551694153055
            ],
            [
              121.41837478438585,
              28.656551776733835
            ],
            [
              121.4183747317792,
              28.656551860134858
            ],
            [
              121.41837468082615,
              28.65655194433085
            ],
            [
              121.41837463154214,
              28.65655202929633
            ],
            [
              121.4183745839421,
              28.656552115005535
            ],
            [
              121.41837453804044,
              28.6565522014325
            ],
            [
              121.41837449385108,
              28.65655228855107
            ],
            [
              121.41837445138738,
              28.656552376334815
            ],
            [
              121.41837441066224,
              28.656552464757162
            ],
            [
              121.41837437168797,
              28.65655255379133
            ],
            [
              121.4183743344764,
              28.656552643410343
            ],
            [
              121.41837429903879,
              28.65655273358706
            ],
            [
              121.41837426538586,
              28.65655282429413
            ],
            [
              121.41837423352783,
              28.6565529155041
            ],
            [
              121.41837420347434,
              28.656553007189345
            ],
            [
              121.4183741752345,
              28.65655309932207
            ],
            [
              121.41837414881685,
              28.656553191874384
            ],
            [
              121.41837412422942,
              28.65655328481824
            ],
            [
              121.41837410147963,
              28.656553378125487
            ],
            [
              121.41837408057438,
              28.656553471767836
            ],
            [
              121.41837406152001,
              28.656553565716948
            ],
            [
              121.4183740443223,
              28.65655365994434
            ],
            [
              121.41837402898643,
              28.65655375442149
            ],
            [
              121.41837401551709,
              28.656553849119753
            ],
            [
              121.41837400391832,
              28.656553944010454
            ],
            [
              121.41837399419366,
              28.65655403906485
            ],
            [
              121.41837398634603,
              28.656554134254133
            ],
            [
              121.41837398037782,
              28.656554229549478
            ],
            [
              121.41837397629087,
              28.656554324922016
            ],
            [
              121.41837397408636,
              28.656554420342836
            ],
            [
              121.418373973765,
              28.656554515783057
            ],
            [
              121.41837397532686,
              28.656554611213764
            ],
            [
              121.4183739787715,
              28.65655470660602
            ],
            [
              121.41837398409784,
              28.65655480193095
            ],
            [
              121.41837399130429,
              28.65655489715968
            ],
            [
              121.41837400038867,
              28.656554992263352
            ],
            [
              121.4183740113482,
              28.656555087213153
            ],
            [
              121.41837402417958,
              28.65655518198033
            ],
            [
              121.41837403887894,
              28.656555276536146
            ],
            [
              121.41837405544179,
              28.65655537085199
            ],
            [
              121.41837407386315,
              28.65655546489927
            ],
            [
              121.4183740941374,
              28.656555558649515
            ],
            [
              121.41837411625843,
              28.656555652074303
            ],
            [
              121.41837414021953,
              28.656555745145347
            ],
            [
              121.41837416601342,
              28.656555837834446
            ],
            [
              121.41837419363232,
              28.656555930113505
            ],
            [
              121.41837422306784,
              28.656556021954593
            ],
            [
              121.41837425431108,
              28.656556113329888
            ],
            [
              121.41837428735256,
              28.6565562042117
            ],
            [
              121.41837432218227,
              28.65655629457248
            ],
            [
              121.41837435878968,
              28.65655638438488
            ],
            [
              121.41837439716367,
              28.65655647362169
            ],
            [
              121.41837443729263,
              28.65655656225587
            ],
            [
              121.41837447916441,
              28.656556650260562
            ],
            [
              121.41837452276631,
              28.656556737609108
            ],
            [
              121.41837456808514,
              28.656556824275057
            ],
            [
              121.41837461510715,
              28.656556910232162
            ],
            [
              121.41837466381811,
              28.656556995454363
            ],
            [
              121.41837471420327,
              28.656557079915842
            ],
            [
              121.41837476624735,
              28.65655716359102
            ],
            [
              121.41837481993458,
              28.65655724645455
            ],
            [
              121.41837487524872,
              28.65655732848133
            ],
            [
              121.418374932173,
              28.65655740964652
            ],
            [
              121.41837499069015,
              28.65655748992551
            ],
            [
              121.41837505078249,
              28.656557569293994
            ],
            [
              121.41837511243178,
              28.65655764772793
            ],
            [
              121.41837517561936,
              28.656557725203545
            ],
            [
              121.41837524032609,
              28.656557801697385
            ],
            [
              121.41837530653235,
              28.656557877186255
            ],
            [
              121.41837537421812,
              28.656557951647308
            ],
            [
              121.41837544336285,
              28.656558025057976
            ],
            [
              121.41837551394562,
              28.65655809739603
            ],
            [
              121.41837558594504,
              28.65655816863954
            ],
            [
              121.4183756593393,
              28.656558238766934
            ],
            [
              121.41837573410616,
              28.656558307756967
            ],
            [
              121.418375810223,
              28.65655837558874
            ],
            [
              121.41837588766671,
              28.656558442241696
            ],
            [
              121.41837596641388,
              28.656558507695653
            ],
            [
              121.41837604644063,
              28.656558571930766
            ],
            [
              121.41837612772271,
              28.6565586349276
            ],
            [
              121.4183762102355,
              28.65655869666705
            ],
            [
              121.41837629395401,
              28.65655875713044
            ],
            [
              121.41837637885288,
              28.656558816299416
            ],
            [
              121.41837646490639,
              28.65655887415608
            ],
            [
              121.41837655208846,
              28.656558930682902
            ],
            [
              121.4183766403727,
              28.656558985862738
            ],
            [
              121.41837672973234,
              28.6565590396789
            ],
            [
              121.41837682014032,
              28.65655909211506
            ],
            [
              121.41837691156927,
              28.656559143155345
            ],
            [
              121.41837700399147,
              28.656559192784304
            ],
            [
              121.41837709737892,
              28.656559240986887
            ],
            [
              121.41837719170334,
              28.656559287748482
            ],
            [
              121.41837728693616,
              28.65655933305495
            ],
            [
              121.41837738304852,
              28.656559376892556
            ],
            [
              121.4183774800113,
              28.656559419247994
            ],
            [
              121.41837757779514,
              28.656559460108472
            ],
            [
              121.41837767637041,
              28.656559499461583
            ],
            [
              121.41837777570724,
              28.656559537295426
            ],
            [
              121.41837787577556,
              28.65655957359854
            ],
            [
              121.41837797654503,
              28.65655960835991
            ],
            [
              121.41837807798512,
              28.656559641569007
            ],
            [
              121.41837818006513,
              28.65655967321578
            ],
            [
              121.41837828275412,
              28.656559703290643
            ],
            [
              121.41837838602098,
              28.65655973178447
            ],
            [
              121.41837848983441,
              28.656559758688655
            ],
            [
              121.41837859416299,
              28.656559783995018
            ],
            [
              121.41837869897509,
              28.65655980769592
            ],
            [
              121.41837880423898,
              28.656559829784158
            ],
            [
              121.41837890992277,
              28.65655985025305
            ],
            [
              121.41837901599442,
              28.656559869096412
            ],
            [
              121.41837912242181,
              28.656559886308507
            ],
            [
              121.41837922917271,
              28.65655990188414
            ],
            [
              121.41837933621478,
              28.656559915818583
            ],
            [
              121.41837944351558,
              28.65655992810761
            ],
            [
              121.4183795510426,
              28.656559938747513
            ],
            [
              121.41837965876329,
              28.65655994773507
            ],
            [
              121.41837976664499,
              28.656559955067532
            ],
            [
              121.41837987465503,
              28.656559960742708
            ],
            [
              121.41837998276068,
              28.656559964758866
            ],
            [
              121.41838009092922,
              28.65655996711479
            ],
            [
              121.41838019912785,
              28.65655996780977
            ],
            [
              121.41838030732382,
              28.65655996684358
            ],
            [
              121.41838041548432,
              28.656559964216537
            ],
            [
              121.4183805235766,
              28.656559959929403
            ],
            [
              121.41838063156793,
              28.656559953983514
            ],
            [
              121.41838073942557,
              28.656559946380654
            ],
            [
              121.41838084711686,
              28.656559937123134
            ],
            [
              121.41838095460918,
              28.656559926213742
            ],
            [
              121.41838106186995,
              28.656559913655794
            ],
            [
              121.41838116886669,
              28.656559899453097
            ],
            [
              121.41838127556697,
              28.656559883609944
            ],
            [
              121.41838138193849,
              28.656559866131143
            ],
            [
              121.418381487949,
              28.656559847021985
            ],
            [
              121.41838159356641,
              28.656559826288266
            ],
            [
              121.41838169875872,
              28.656559803936243
            ],
            [
              121.41838180349404,
              28.656559779972717
            ],
            [
              121.41838967796477,
              28.656561342811386
            ],
            [
              121.41839752121255,
              28.656563023374
            ],
            [
              121.41840533097547,
              28.6565648211759
            ],
            [
              121.41841310500132,
              28.656566735698632
            ],
            [
              121.41842084104813,
              28.656568766390052
            ],
            [
              121.41842853688492,
              28.656570912664552
            ],
            [
              121.41843619029228,
              28.656573173903173
            ],
            [
              121.4184437990631,
              28.65657554945379
            ],
            [
              121.41845136100304,
              28.656578038631327
            ],
            [
              121.41845887393136,
              28.65658064071793
            ],
            [
              121.4184663356814,
              28.656583354963207
            ],
            [
              121.41847374410128,
              28.656586180584387
            ],
            [
              121.4184810970545,
              28.656589116766586
            ],
            [
              121.41848839242051,
              28.656592162663074
            ],
            [
              121.41849562809546,
              28.656595317395396
            ],
            [
              121.4185028019926,
              28.65659858005382
            ],
            [
              121.4185099120431,
              28.656601949697418
            ],
            [
              121.4185153364752,
              28.656603919120993
            ],
            [
              121.4185207215171,
              28.656605970927
            ],
            [
              121.41852606556087,
              28.6566081045028
            ],
            [
              121.41853136701076,
              28.656610319211293
            ],
            [
              121.41853662428379,
              28.656612614391168
            ],
            [
              121.41854183581012,
              28.656614989357106
            ],
            [
              121.41854700003361,
              28.656617443399924
            ],
            [
              121.41855211541223,
              28.65661997578686
            ],
            [
              121.41855718041852,
              28.65662258576177
            ],
            [
              121.41856219354008,
              28.656625272545284
            ],
            [
              121.41856715328001,
              28.656628035335167
            ],
            [
              121.41857205815731,
              28.656630873306437
            ],
            [
              121.41857690670741,
              28.656633785611685
            ],
            [
              121.41858169748254,
              28.656636771381287
            ],
            [
              121.41858642905217,
              28.656639829723726
            ],
            [
              121.41859110000344,
              28.65664295972576
            ],
            [
              121.41859570894162,
              28.656646160452787
            ],
            [
              121.41860025449049,
              28.65664943094909
            ],
            [
              121.41860473529273,
              28.65665277023808
            ],
            [
              121.4186091500104,
              28.656656177322674
            ],
            [
              121.41861349732524,
              28.656659651185493
            ],
            [
              121.41861777593915,
              28.656663190789285
            ],
            [
              121.41862198457454,
              28.65666679507709
            ],
            [
              121.41862612197471,
              28.656670462972688
            ],
            [
              121.41863018690422,
              28.656674193380855
            ],
            [
              121.41863417814929,
              28.656677985187716
            ],
            [
              121.41863809451812,
              28.656681837261004
            ],
            [
              121.41864193484129,
              28.656685748450506
            ],
            [
              121.41864531339144,
              28.656689275606613
            ],
            [
              121.41864862234998,
              28.65669285372397
            ],
            [
              121.41865186072913,
              28.65669648173442
            ],
            [
              121.41865502756212,
              28.65670015855493
            ],
            [
              121.41865812190358,
              28.65670388308786
            ],
            [
              121.41866114282978,
              28.65670765422137
            ],
            [
              121.41866408943886,
              28.656711470829674
            ],
            [
              121.41866696085121,
              28.656715331773416
            ],
            [
              121.41866975620962,
              28.656719235900024
            ],
            [
              121.4186724746796,
              28.656723182044008
            ],
            [
              121.4186751154496,
              28.656727169027366
            ],
            [
              121.4186776777313,
              28.656731195659873
            ],
            [
              121.41868016075978,
              28.65673526073947
            ],
            [
              121.41868256379377,
              28.656739363052658
            ],
            [
              121.4186848861159,
              28.656743501374766
            ],
            [
              121.41868712703291,
              28.656747674470434
            ],
            [
              121.4186892858758,
              28.656751881093875
            ],
            [
              121.4186913620001,
              28.65675611998931
            ],
            [
              121.41869335478604,
              28.656760389891314
            ],
            [
              121.41869526363868,
              28.656764689525232
            ],
            [
              121.4186970879882,
              28.656769017607523
            ],
            [
              121.41869882728997,
              28.656773372846125
            ],
            [
              121.41870048102474,
              28.656777753940897
            ],
            [
              121.41870204869885,
              28.65678215958398
            ],
            [
              121.41870352984425,
              28.656786588460182
            ],
            [
              121.41870492401881,
              28.65679103924736
            ],
            [
              121.41870623080632,
              28.65679551061687
            ],
            [
              121.41870744981664,
              28.65680000123386
            ],
            [
              121.41870858068586,
              28.656804509757805
            ],
            [
              121.4187096230764,
              28.656809034842762
            ],
            [
              121.41871057667703,
              28.656813575137907
            ],
            [
              121.41879372016052,
              28.657157404631022
            ],
            [
              121.41879396854496,
              28.65715756848765
            ],
            [
              121.4187942201315,
              28.657157728498305
            ],
            [
              121.41879447484364,
              28.65715788461426
            ],
            [
              121.41879473260387,
              28.65715803678805
            ],
            [
              121.41879499333379,
              28.657158184973383
            ],
            [
              121.41879525695407,
              28.65715832912516
            ],
            [
              121.41879552338455,
              28.657158469199562
            ],
            [
              121.41879579254415,
              28.657158605153956
            ],
            [
              121.418796064351,
              28.657158736946997
            ],
            [
              121.41879633872243,
              28.657158864538573
            ],
            [
              121.41879661557495,
              28.65715898788989
            ],
            [
              121.41879689482435,
              28.6571591069634
            ],
            [
              121.41879717638571,
              28.657159221722917
            ],
            [
              121.41879746017334,
              28.65715933213351
            ],
            [
              121.41879774610092,
              28.657159438161596
            ],
            [
              121.41879803408148,
              28.657159539774916
            ],
            [
              121.41879832402742,
              28.657159636942563
            ],
            [
              121.41879861585052,
              28.657159729634966
            ],
            [
              121.41879890946203,
              28.65715981782395
            ],
            [
              121.41879920477261,
              28.65715990148268
            ],
            [
              121.41879950169243,
              28.657159980585693
            ],
            [
              121.41879980013118,
              28.657160055108946
            ],
            [
              121.41880009999807,
              28.65716012502975
            ],
            [
              121.41880040120186,
              28.657160190326856
            ],
            [
              121.41880070365096,
              28.65716025098038
            ],
            [
              121.41880100725334,
              28.657160306971885
            ],
            [
              121.41880131191664,
              28.657160358284337
            ],
            [
              121.41880161754818,
              28.657160404902115
            ],
            [
              121.418801924055,
              28.657160446811055
            ],
            [
              121.41880223134388,
              28.657160483998386
            ],
            [
              121.41880253932129,
              28.657160516452812
            ],
            [
              121.41880284789357,
              28.657160544164455
            ],
            [
              121.41880315696686,
              28.657160567124887
            ],
            [
              121.41880346644713,
              28.65716058532713
            ],
            [
              121.41880377624024,
              28.657160598765643
            ],
            [
              121.41880408625194,
              28.657160607436325
            ],
            [
              121.41880439638793,
              28.65716061133655
            ],
            [
              121.41880470655386,
              28.65716061046514
            ],
            [
              121.4188050166554,
              28.65716060482234
            ],
            [
              121.41880532659818,
              28.657160594409874
            ],
            [
              121.41880563628794,
              28.65716057923092
            ],
            [
              121.41880594563048,
              28.65716055929008
            ],
            [
              121.41880625453167,
              28.657160534593434
            ],
            [
              121.41880656289756,
              28.65716050514849
            ],
            [
              121.41880687063434,
              28.6571604709642
            ],
            [
              121.41880717764839,
              28.657160432050965
            ],
            [
              121.41880748384634,
              28.657160388420625
            ],
            [
              121.418807789135,
              28.65716034008645
            ],
            [
              121.41880809342155,
              28.657160287063142
            ],
            [
              121.41880839661339,
              28.657160229366834
            ],
            [
              121.41880869861829,
              28.65716016701509
            ],
            [
              121.4188089993444,
              28.65716010002685
            ],
            [
              121.41880929870022,
              28.657160028422506
            ],
            [
              121.41880959659471,
              28.657159952223846
            ],
            [
              121.41880989293722,
              28.657159871454056
            ],
            [
              121.41881018763762,
              28.657159786137672
            ],
            [
              121.41881048060625,
              28.65715969630069
            ],
            [
              121.41881077175401,
              28.657159601970402
            ],
            [
              121.41881106099231,
              28.657159503175517
            ],
            [
              121.41881134823316,
              28.65715939994611
            ],
            [
              121.41881163338921,
              28.65715929231355
            ],
            [
              121.41881191637368,
              28.65715918031061
            ],
            [
              121.41881219710052,
              28.657159063971342
            ],
            [
              121.4188124754843,
              28.657158943331122
            ],
            [
              121.41881275144036,
              28.65715881842668
            ],
            [
              121.41881302488474,
              28.657158689296
            ],
            [
              121.41881329573425,
              28.657158555978363
            ],
            [
              121.41881356390653,
              28.65715841851433
            ],
            [
              121.41881382931996,
              28.6571582769457
            ],
            [
              121.41881409189382,
              28.65715813131557
            ],
            [
              121.41881435154825,
              28.657157981668206
            ],
            [
              121.41881460820424,
              28.657157828049147
            ],
            [
              121.41881486178372,
              28.65715767050512
            ],
            [
              121.41881511220956,
              28.65715750908407
            ],
            [
              121.41881535940556,
              28.657157343835078
            ],
            [
              121.41881560329655,
              28.65715717480842
            ],
            [
              121.4188158438083,
              28.657157002055527
            ],
            [
              121.4188160808677,
              28.657156825628917
            ],
            [
              121.41881631440259,
              28.657156645582297
            ],
            [
              121.41881654434194,
              28.657156461970416
            ],
            [
              121.4188167706158,
              28.657156274849132
            ],
            [
              121.41881699315536,
              28.657156084275385
            ],
            [
              121.4188172118929,
              28.65715589030712
            ],
            [
              121.41881742676189,
              28.657155693003357
            ],
            [
              121.41881763769695,
              28.65715549242412
            ],
            [
              121.41881784463394,
              28.657155288630424
            ],
            [
              121.41881804750987,
              28.657155081684255
            ],
            [
              121.41881824626307,
              28.657154871648565
            ],
            [
              121.41881844083305,
              28.657154658587267
            ],
            [
              121.41881863116063,
              28.65715444256515
            ],
            [
              121.41881881718793,
              28.657154223647947
            ],
            [
              121.41881899885831,
              28.65715400190224
            ],
            [
              121.41881917611656,
              28.6571537773955
            ],
            [
              121.41881934890873,
              28.657153550196
            ],
            [
              121.41881951718226,
              28.657153320372878
            ],
            [
              121.41881968088596,
              28.657153087996036
            ],
            [
              121.41881983997004,
              28.65715285313615
            ],
            [
              121.41881999438608,
              28.657152615864693
            ],
            [
              121.4187228041984,
              28.656754936958357
            ],
            [
              121.41868610982874,
              28.656615472375393
            ],
            [
              121.41865753167005,
              28.656498850612703
            ],
            [
              121.41865751850344,
              28.656498755504227
            ],
            [
              121.4186575034702,
              28.656498660611316
            ],
            [
              121.41865748657483,
              28.656498565962455
            ],
            [
              121.41865746782241,
              28.656498471586072
            ],
            [
              121.41865744721858,
              28.656498377510516
            ],
            [
              121.4186574247695,
              28.656498283764055
            ],
            [
              121.41865740048195,
              28.656498190374823
            ],
            [
              121.4186573743632,
              28.656498097370893
            ],
            [
              121.41865734642111,
              28.656498004780182
            ],
            [
              121.41865731666407,
              28.656497912630513
            ],
            [
              121.418657285101,
              28.656497820949546
            ],
            [
              121.41865725174141,
              28.656497729764833
            ],
            [
              121.41865721659529,
              28.656497639103765
            ],
            [
              121.4186571796732,
              28.656497548993567
            ],
            [
              121.41865714098626,
              28.656497459461285
            ],
            [
              121.41865710054606,
              28.656497370533852
            ],
            [
              121.41865705836476,
              28.65649728223794
            ],
            [
              121.41865701445502,
              28.656497194600085
            ],
            [
              121.41865696883004,
              28.65649710764661
            ],
            [
              121.4186569215035,
              28.65649702140362
            ],
            [
              121.41865687248965,
              28.65649693589705
            ],
            [
              121.41865682180318,
              28.65649685115255
            ],
            [
              121.41865676945933,
              28.656496767195566
            ],
            [
              121.41865671547383,
              28.65649668405136
            ],
            [
              121.41865665986288,
              28.656496601744877
            ],
            [
              121.41865660264318,
              28.656496520300827
            ],
            [
              121.41865654383193,
              28.656496439743684
            ],
            [
              121.4186564834468,
              28.656496360097655
            ],
            [
              121.41865642150589,
              28.65649628138664
            ],
            [
              121.41865635802785,
              28.656496203634298
            ],
            [
              121.4186562930317,
              28.65649612686397
            ],
            [
              121.41865622653701,
              28.65649605109874
            ],
            [
              121.41865615856372,
              28.656495976361334
            ],
            [
              121.41865608913226,
              28.656495902674198
            ],
            [
              121.41865601826348,
              28.656495830059487
            ],
            [
              121.41865594597866,
              28.656495758539005
            ],
            [
              121.41865587229951,
              28.656495688134214
            ],
            [
              121.41865579724818,
              28.656495618866302
            ],
            [
              121.41865572084718,
              28.656495550756027
            ],
            [
              121.4186556431195,
              28.65649548382388
            ],
            [
              121.41865556408845,
              28.65649541808995
            ],
            [
              121.41865548377778,
              28.656495353573984
            ],
            [
              121.41865540221161,
              28.656495290295354
            ],
            [
              121.41865531941444,
              28.65649522827308
            ],
            [
              121.41865523541114,
              28.65649516752577
            ],
            [
              121.41865515022694,
              28.656495108071688
            ],
            [
              121.41865506388741,
              28.656495049928672
            ],
            [
              121.41865497641852,
              28.656494993114208
            ],
            [
              121.41865488784651,
              28.656494937645352
            ],
            [
              121.41865479819799,
              28.656494883538763
            ],
            [
              121.4186547074999,
              28.656494830810693
            ],
            [
              121.41865461577946,
              28.656494779476972
            ],
            [
              121.41865452306423,
              28.65649472955304
            ],
            [
              121.41865442938206,
              28.65649468105386
            ],
            [
              121.41865433476107,
              28.656494633994026
            ],
            [
              121.41865423922971,
              28.656494588387652
            ],
            [
              121.41865414281666,
              28.656494544248453
            ],
            [
              121.41865404555088,
              28.656494501589684
            ],
            [
              121.41865394746156,
              28.656494460424142
            ],
            [
              121.4186538485782,
              28.656494420764215
            ],
            [
              121.41865374893048,
              28.656494382621794
            ],
            [
              121.41865364854833,
              28.656494346008355
            ],
            [
              121.4186535474619,
              28.656494310934878
            ],
            [
              121.41865344570155,
              28.656494277411905
            ],
            [
              121.41865334329786,
              28.656494245449494
            ],
            [
              121.41865324028157,
              28.656494215057272
            ],
            [
              121.41865313668363,
              28.65649418624435
            ],
            [
              121.41865303253515,
              28.65649415901937
            ],
            [
              121.41865292786743,
              28.656494133390527
            ],
            [
              121.41865282271188,
              28.656494109365514
            ],
            [
              121.41865271710009,
              28.656494086951547
            ],
            [
              121.41865261106379,
              28.65649406615535
            ],
            [
              121.41865250463485,
              28.65649404698318
            ],
            [
              121.4186523978452,
              28.656494029440807
            ],
            [
              121.41865229072691,
              28.65649401353347
            ],
            [
              121.41865218331219,
              28.65649399926596
            ],
            [
              121.41865207563329,
              28.656493986642584
            ],
            [
              121.41865196772254,
              28.656493975667093
            ],
            [
              121.41865185961235,
              28.65649396634282
            ],
            [
              121.4186517513352,
              28.656493958672538
            ],
            [
              121.41865164292362,
              28.656493952658565
            ],
            [
              121.41865153441016,
              28.656493948302707
            ],
            [
              121.41865142582742,
              28.656493945606282
            ],
            [
              121.418651317208,
              28.656493944570077
            ],
            [
              121.41865120858455,
              28.656493945194416
            ],
            [
              121.41865109998966,
              28.65649394747911
            ],
            [
              121.41865099145598,
              28.65649395142348
            ],
            [
              121.41865088301608,
              28.656493957026328
            ],
            [
              121.41865077470257,
              28.656493964285968
            ],
            [
              121.41865066654793,
              28.65649397320024
            ],
            [
              121.41865055858469,
              28.65649398376646
            ],
            [
              121.41865045084526,
              28.65649399598145
            ],
            [
              121.418650343362,
              28.65649400984153
            ],
            [
              121.4186502361672,
              28.656494025342553
            ],
            [
              121.41865012929304,
              28.656494042479853
            ],
            [
              121.41865002277163,
              28.656494061248296
            ],
            [
              121.41864991663496,
              28.65649408164224
            ],
            [
              121.41864981091493,
              28.656494103655554
            ],
            [
              121.41864970564326,
              28.656494127281622
            ],
            [
              121.41864960085161,
              28.656494152513357
            ],
            [
              121.4186494965714,
              28.656494179343166
            ],
            [
              121.41864939283401,
              28.65649420776302
            ],
            [
              121.41864928967055,
              28.656494237764367
            ],
            [
              121.41864918711204,
              28.65649426933819
            ],
            [
              121.41864908518926,
              28.656494302474997
            ],
            [
              121.41864898393284,
              28.65649433716486
            ],
            [
              121.41864888337318,
              28.656494373397344
            ],
            [
              121.4186487835405,
              28.656494411161578
            ],
            [
              121.41864868446477,
              28.656494450446193
            ],
            [
              121.41864858617575,
              28.656494491239428
            ],
            [
              121.41864848870297,
              28.656494533529
            ],
            [
              121.4186483920757,
              28.656494577302237
            ],
            [
              121.41864829632296,
              28.656494622545942
            ],
            [
              121.4186482014735,
              28.656494669246573
            ],
            [
              121.41864810755584,
              28.656494717390085
            ],
            [
              121.41864801459816,
              28.65649476696202
            ],
            [
              121.41864792262841,
              28.65649481794748
            ],
            [
              121.41864783167418,
              28.656494870331166
            ],
            [
              121.41864774176281,
              28.65649492409733
            ],
            [
              121.4186476529213,
              28.656494979229834
            ],
            [
              121.41864756517631,
              28.656495035712116
            ],
            [
              121.41864747855425,
              28.656495093527212
            ],
            [
              121.4183796955642,
              28.6565490182732
            ]
          ]
        ]
      }
    },
    {
      "type": "Feature",
      "id": 4,
      "properties": {
        "fid": 4,
        "island_id": "003",
        "island_type": null,
        "source": null,
        "id": "ISL-004",
        "type": "traffic_island"
      },
      "geometry": {
        "type": "Polygon",
        "coordinates": [
          [
            [
              121.41889677340812,
              28.656683264637977
            ],
            [
              121.41889689894047,
              28.65668348329269
            ],
            [
              121.41889702876281,
              28.656683699989642
            ],
            [
              121.41889716283595,
              28.65668391466333
            ],
            [
              121.41889730111936,
              28.65668412724891
            ],
            [
              121.41889744357124,
              28.656684337682126
            ],
            [
              121.41889759014856,
              28.6566845458994
            ],
            [
              121.41889774080703,
              28.65668475183782
            ],
            [
              121.4188978955011,
              28.656684955435132
            ],
            [
              121.41889805418407,
              28.656685156629838
            ],
            [
              121.41889821680795,
              28.656685355361116
            ],
            [
              121.4188983833236,
              28.656685551568945
            ],
            [
              121.41889855368072,
              28.656685745194014
            ],
            [
              121.41889872782784,
              28.656685936177812
            ],
            [
              121.4188989057123,
              28.65668612446264
            ],
            [
              121.41889908728038,
              28.656686309991603
            ],
            [
              121.4188992724772,
              28.656686492708623
            ],
            [
              121.41889946124681,
              28.656686672558497
            ],
            [
              121.41889965353216,
              28.65668684948688
            ],
            [
              121.41889984927514,
              28.656687023440316
            ],
            [
              121.4189000484166,
              28.656687194366214
            ],
            [
              121.41890025089639,
              28.65668736221295
            ],
            [
              121.41890045665328,
              28.656687526929794
            ],
            [
              121.41890066562513,
              28.656687688466953
            ],
            [
              121.41890087774878,
              28.656687846775654
            ],
            [
              121.41890109296014,
              28.65668800180804
            ],
            [
              121.41890131119418,
              28.656688153517244
            ],
            [
              121.41890153238492,
              28.656688301857468
            ],
            [
              121.41890175646557,
              28.656688446783846
            ],
            [
              121.41890198336839,
              28.656688588252603
            ],
            [
              121.41890221302481,
              28.656688726220974
            ],
            [
              121.41890244536545,
              28.656688860647304
            ],
            [
              121.4189026803201,
              28.656688991490928
            ],
            [
              121.41890291781775,
              28.656689118712336
            ],
            [
              121.41890315778664,
              28.65668924227307
            ],
            [
              121.41890340015426,
              28.656689362135804
            ],
            [
              121.41890364484736,
              28.65668947826432
            ],
            [
              121.41890389179201,
              28.656689590623525
            ],
            [
              121.4189041409136,
              28.65668969917943
            ],
            [
              121.41890439213682,
              28.656689803899297
            ],
            [
              121.4189046453858,
              28.656689904751428
            ],
            [
              121.41890490058397,
              28.656690001705382
            ],
            [
              121.41890515765422,
              28.656690094731836
            ],
            [
              121.4189054165189,
              28.656690183802706
            ],
            [
              121.41890567709976,
              28.65669026889106
            ],
            [
              121.41890593931807,
              28.65669034997117
            ],
            [
              121.41890620309458,
              28.65669042701857
            ],
            [
              121.41890646834959,
              28.656690500009958
            ],
            [
              121.41890673500296,
              28.656690568923278
            ],
            [
              121.4189070029741,
              28.65669063373771
            ],
            [
              121.41890727218203,
              28.656690694433674
            ],
            [
              121.4189075425454,
              28.656690750992823
            ],
            [
              121.41890781398253,
              28.65669080339805
            ],
            [
              121.41890808641138,
              28.65669085163354
            ],
            [
              121.41890835974965,
              28.656690895684726
            ],
            [
              121.41890863391471,
              28.656690935538286
            ],
            [
              121.41890890882374,
              28.65669097118215
            ],
            [
              121.41890918439366,
              28.656691002605587
            ],
            [
              121.4189094605412,
              28.65669102979908
            ],
            [
              121.41890973718291,
              28.65669105275442
            ],
            [
              121.41891001423521,
              28.656691071464678
            ],
            [
              121.41891029161435,
              28.65669108592418
            ],
            [
              121.41891056923654,
              28.65669109612857
            ],
            [
              121.41891084701788,
              28.656691102074756
            ],
            [
              121.41891112487444,
              28.656691103760938
            ],
            [
              121.41891140272223,
              28.656691101186638
            ],
            [
              121.41891168047732,
              28.656691094352592
            ],
            [
              121.41891195805577,
              28.656691083260892
            ],
            [
              121.4189122353737,
              28.65669106791488
            ],
            [
              121.4189125123473,
              28.65669104831919
            ],
            [
              121.41891278889288,
              28.656691024479755
            ],
            [
              121.4189130649269,
              28.65669099640378
            ],
            [
              121.41891334036592,
              28.656690964099724
            ],
            [
              121.4189136151267,
              28.65669092757737
            ],
            [
              121.41891388912624,
              28.656690886847752
            ],
            [
              121.41891416228174,
              28.656690841923183
            ],
            [
              121.41891443451064,
              28.656690792817223
            ],
            [
              121.41891470573069,
              28.656690739544707
            ],
            [
              121.41891497585993,
              28.65669068212176
            ],
            [
              121.41891524481674,
              28.656690620565705
            ],
            [
              121.41891551251985,
              28.656690554895174
            ],
            [
              121.41891577888835,
              28.656690485129975
            ],
            [
              121.41891604384176,
              28.656690411291216
            ],
            [
              121.41891630730001,
              28.6566903334012
            ],
            [
              121.41891656918351,
              28.656690251483464
            ],
            [
              121.41891682941309,
              28.65669016556278
            ],
            [
              121.41891708791013,
              28.656690075665068
            ],
            [
              121.41891734459654,
              28.65668998181752
            ],
            [
              121.41891759939472,
              28.65668988404851
            ],
            [
              121.4189178522277,
              28.656689782387552
            ],
            [
              121.41891810301905,
              28.65668967686538
            ],
            [
              121.41891835169302,
              28.65668956751389
            ],
            [
              121.41891859817446,
              28.656689454366102
            ],
            [
              121.41891884238888,
              28.656689337456225
            ],
            [
              121.41891908426248,
              28.656689216819586
            ],
            [
              121.41891932372218,
              28.656689092492634
            ],
            [
              121.41891956069561,
              28.65668896451292
            ],
            [
              121.41891979511118,
              28.656688832919155
            ],
            [
              121.41892002689804,
              28.656688697751072
            ],
            [
              121.41892025598615,
              28.65668855904953
            ],
            [
              121.41892048230629,
              28.656688416856447
            ],
            [
              121.41892070579007,
              28.656688271214772
            ],
            [
              121.41892092636995,
              28.65668812216852
            ],
            [
              121.41892114397929,
              28.656687969762746
            ],
            [
              121.41892135855232,
              28.65668781404349
            ],
            [
              121.41892157002421,
              28.6566876550578
            ],
            [
              121.41892177833105,
              28.656687492853745
            ],
            [
              121.41892198340992,
              28.656687327480306
            ],
            [
              121.4189221851988,
              28.656687158987484
            ],
            [
              121.41892238363675,
              28.65668698742617
            ],
            [
              121.41892257866381,
              28.656686812848214
            ],
            [
              121.41892277022102,
              28.656686635306368
            ],
            [
              121.41892295825052,
              28.656686454854306
            ],
            [
              121.41892314269549,
              28.656686271546516
            ],
            [
              121.41892332350017,
              28.65668608543842
            ],
            [
              121.41892350060995,
              28.656685896586247
            ],
            [
              121.4189236739713,
              28.656685705047057
            ],
            [
              121.41892384353186,
              28.656685510878734
            ],
            [
              121.41892400924036,
              28.656685314139953
            ],
            [
              121.41892417104673,
              28.65668511489016
            ],
            [
              121.41892432890208,
              28.656684913189572
            ],
            [
              121.41892448275871,
              28.656684709099135
            ],
            [
              121.41892463257014,
              28.656684502680502
            ],
            [
              121.4189247782911,
              28.656684293996076
            ],
            [
              121.41892491987753,
              28.65668408310891
            ],
            [
              121.41892505728667,
              28.65668387008273
            ],
            [
              121.418925190477,
              28.656683654981887
            ],
            [
              121.41892531940825,
              28.656683437871404
            ],
            [
              121.41892544404148,
              28.656683218816877
            ],
            [
              121.41892556433902,
              28.656682997884506
            ],
            [
              121.41892568026452,
              28.65668277514105
            ],
            [
              121.41892579178295,
              28.65668255065379
            ],
            [
              121.4189258988606,
              28.65668232449061
            ],
            [
              121.41892600146515,
              28.656682096719816
            ],
            [
              121.41892609956557,
              28.656681867410253
            ],
            [
              121.41892619313221,
              28.6566816366312
            ],
            [
              121.4189262821368,
              28.656681404452403
            ],
            [
              121.41892636655245,
              28.65668117094402
            ],
            [
              121.41892644635365,
              28.65668093617661
            ],
            [
              121.41892652151628,
              28.65668070022111
            ],
            [
              121.41893250345127,
              28.656667049037804
            ],
            [
              121.41893875302661,
              28.65665349146469
            ],
            [
              121.41894526836042,
              28.65664003158399
            ],
            [
              121.41895204749082,
              28.656626673448482
            ],
            [
              121.41895908837651,
              28.656613421080348
            ],
            [
              121.41896638889739,
              28.656600278469867
            ],
            [
              121.41897394685516,
              28.65658724957431
            ],
            [
              121.418981759974,
              28.65657433831669
            ],
            [
              121.41898458686141,
              28.656569402644674
            ],
            [
              121.41898751072375,
              28.656564511125136
            ],
            [
              121.41899053067498,
              28.65655966524035
            ],
            [
              121.41899364579994,
              28.656554866458773
            ],
            [
              121.41899685515466,
              28.6565501162346
            ],
            [
              121.41900015776658,
              28.656545416007287
            ],
            [
              121.41900355263486,
              28.656540767201143
            ],
            [
              121.4190070387308,
              28.656536171224918
            ],
            [
              121.41901061499794,
              28.65653162947132
            ],
            [
              121.41901428035258,
              28.656527143316673
            ],
            [
              121.41901803368398,
              28.65652271412038
            ],
            [
              121.41902187385476,
              28.656518343224644
            ],
            [
              121.4190257997012,
              28.656514031953982
            ],
            [
              121.41902981003366,
              28.656509781614847
            ],
            [
              121.41903390363687,
              28.656505593495215
            ],
            [
              121.41903807927032,
              28.656501468864228
            ],
            [
              121.41904233566866,
              28.656497408971784
            ],
            [
              121.41904667154208,
              28.65649341504813
            ],
            [
              121.41905108557663,
              28.656489488303563
            ],
            [
              121.41905557643474,
              28.656485629928
            ],
            [
              121.41906014275554,
              28.656481841090667
            ],
            [
              121.41906478315526,
              28.65647812293968
            ],
            [
              121.41906949622775,
              28.65647447660177
            ],
            [
              121.41907428054475,
              28.65647090318188
            ],
            [
              121.41907913465649,
              28.656467403762846
            ],
            [
              121.419084057092,
              28.65646397940514
            ],
            [
              121.41908904635964,
              28.656460631146416
            ],
            [
              121.4190941009475,
              28.656457360001312
            ],
            [
              121.41910469529383,
              28.656450388288135
            ],
            [
              121.41911541060642,
              28.656443561928498
            ],
            [
              121.41912624432237,
              28.656436882555163
            ],
            [
              121.4191371938504,
              28.656430351765714
            ],
            [
              121.41914825657157,
              28.656423971122216
            ],
            [
              121.41915942983988,
              28.656417742150786
            ],
            [
              121.41917071098283,
              28.656411666341306
            ],
            [
              121.41917077656912,
              28.656411434424815
            ],
            [
              121.41917083759361,
              28.656411201541495
            ],
            [
              121.41917089403799,
              28.656410967761186
            ],
            [
              121.41917094588536,
              28.656410733153944
            ],
            [
              121.41917099312015,
              28.65641049779009
            ],
            [
              121.41917103572821,
              28.65641026174019
            ],
            [
              121.41917107369679,
              28.656410025074997
            ],
            [
              121.41917110701448,
              28.656409787865456
            ],
            [
              121.4191711356713,
              28.656409550182676
            ],
            [
              121.41917115965867,
              28.65640931209788
            ],
            [
              121.41917117896939,
              28.65640907368247
            ],
            [
              121.41917119359768,
              28.6564088350079
            ],
            [
              121.41917120353915,
              28.656408596145695
            ],
            [
              121.41917120879081,
              28.6564083571675
            ],
            [
              121.4191712093511,
              28.656408118144903
            ],
            [
              121.41917120521985,
              28.65640787914957
            ],
            [
              121.4191711963983,
              28.65640764025316
            ],
            [
              121.41917118288909,
              28.656407401527265
            ],
            [
              121.41917116469627,
              28.656407163043447
            ],
            [
              121.41917114182527,
              28.65640692487321
            ],
            [
              121.419171114283,
              28.656406687087916
            ],
            [
              121.41917108207767,
              28.656406449758883
            ],
            [
              121.41917104521896,
              28.65640621295721
            ],
            [
              121.41917100371789,
              28.656405976753927
            ],
            [
              121.41917095758694,
              28.65640574121979
            ],
            [
              121.41917090683991,
              28.656405506425443
            ],
            [
              121.41917085149201,
              28.656405272441226
            ],
            [
              121.41917079155985,
              28.656405039337322
            ],
            [
              121.41917072706137,
              28.65640480718358
            ],
            [
              121.41917065801593,
              28.656404576049592
            ],
            [
              121.41917058444422,
              28.656404346004646
            ],
            [
              121.41917050636827,
              28.65640411711771
            ],
            [
              121.41917042381152,
              28.656403889457383
            ],
            [
              121.4191703367987,
              28.656403663091893
            ],
            [
              121.41917024535589,
              28.656403438089132
            ],
            [
              121.4191701495105,
              28.656403214516512
            ],
            [
              121.41917004929128,
              28.656402992441073
            ],
            [
              121.41916994472824,
              28.656402771929375
            ],
            [
              121.41916983585274,
              28.65640255304752
            ],
            [
              121.41916972269743,
              28.656402335861117
            ],
            [
              121.4191696052962,
              28.656402120435274
            ],
            [
              121.41916948368427,
              28.656401906834564
            ],
            [
              121.41916935789808,
              28.656401695123016
            ],
            [
              121.41916922797533,
              28.656401485364093
            ],
            [
              121.41916909395499,
              28.656401277620667
            ],
            [
              121.4191689558772,
              28.65640107195502
            ],
            [
              121.41916881378337,
              28.656400868428804
            ],
            [
              121.4191686677161,
              28.65640066710301
            ],
            [
              121.41916851771916,
              28.65640046803799
            ],
            [
              121.41916836383751,
              28.656400271293446
            ],
            [
              121.41916820611729,
              28.656400076928318
            ],
            [
              121.41916804460578,
              28.65639988500088
            ],
            [
              121.41916787935139,
              28.656399695568687
            ],
            [
              121.41916771040364,
              28.65639950868848
            ],
            [
              121.41916753781321,
              28.656399324416313
            ],
            [
              121.41916736163179,
              28.656399142807405
            ],
            [
              121.41916718191224,
              28.656398963916196
            ],
            [
              121.41916699870839,
              28.65639878779632
            ],
            [
              121.41916681207519,
              28.65639861450056
            ],
            [
              121.41916662206856,
              28.656398444080867
            ],
            [
              121.41916642874547,
              28.65639827658833
            ],
            [
              121.41916623216386,
              28.65639811207316
            ],
            [
              121.41916603238268,
              28.656397950584648
            ],
            [
              121.41916582946178,
              28.656397792171234
            ],
            [
              121.41916562346202,
              28.656397636880378
            ],
            [
              121.41916541444513,
              28.65639748475864
            ],
            [
              121.41916520247378,
              28.656397335851626
            ],
            [
              121.4191649876115,
              28.656397190203958
            ],
            [
              121.41916476992269,
              28.656397047859308
            ],
            [
              121.41916454947261,
              28.65639690886034
            ],
            [
              121.41916432632736,
              28.656396773248723
            ],
            [
              121.41916410055381,
              28.656396641065093
            ],
            [
              121.41916387221964,
              28.656396512349087
            ],
            [
              121.4191636413933,
              28.65639638713929
            ],
            [
              121.41916340814397,
              28.65639626547323
            ],
            [
              121.41916317254159,
              28.656396147387383
            ],
            [
              121.41916293465677,
              28.656396032917147
            ],
            [
              121.41916269456081,
              28.65639592209682
            ],
            [
              121.41884484886393,
              28.656458817523657
            ],
            [
              121.41889677340812,
              28.656683264637977
            ]
          ]
        ]
      }
    },
    {
      "type": "Feature",
      "id": 5,
      "properties": {
        "fid": 5,
        "island_id": null,
        "island_type": null,
        "source": null,
        "id": "ISL-005",
        "type": "traffic_island"
      },
      "geometry": {
        "type": "Polygon",
        "coordinates": [
          [
            [
              121.41873641253292,
              28.655944446265604
            ],
            [
              121.41873631579466,
              28.655944346365406
            ],
            [
              121.4187362171036,
              28.655944247962566
            ],
            [
              121.41873611648948,
              28.655944151086803
            ],
            [
              121.4187360139827,
              28.65594405576733
            ],
            [
              121.41873590961417,
              28.655943962032914
            ],
            [
              121.41873580341542,
              28.655943869911855
            ],
            [
              121.41873569541845,
              28.65594377943195
            ],
            [
              121.4187355856559,
              28.65594369062052
            ],
            [
              121.41873547416085,
              28.65594360350434
            ],
            [
              121.41873536096699,
              28.655943518109705
            ],
            [
              121.41873524610847,
              28.6559434344624
            ],
            [
              121.41873512961993,
              28.65594335258766
            ],
            [
              121.41873501153654,
              28.655943272510193
            ],
            [
              121.41873489189393,
              28.65594319425417
            ],
            [
              121.41873477072824,
              28.655943117843208
            ],
            [
              121.41873464807598,
              28.655943043300358
            ],
            [
              121.4187345239742,
              28.655942970648116
            ],
            [
              121.41873439846034,
              28.65594289990842
            ],
            [
              121.41873427157229,
              28.655942831102617
            ],
            [
              121.41873414334833,
              28.65594276425146
            ],
            [
              121.41873401382716,
              28.65594269937512
            ],
            [
              121.41873388304788,
              28.655942636493197
            ],
            [
              121.41873375104994,
              28.655942575624657
            ],
            [
              121.41873361787319,
              28.655942516787864
            ],
            [
              121.4187334835578,
              28.655942460000574
            ],
            [
              121.41873334814433,
              28.655942405279944
            ],
            [
              121.41873321167363,
              28.655942352642455
            ],
            [
              121.41873307418689,
              28.655942302104027
            ],
            [
              121.41873293572559,
              28.65594225367988
            ],
            [
              121.41873279633153,
              28.655942207384648
            ],
            [
              121.41873265604677,
              28.65594216323229
            ],
            [
              121.41873251491366,
              28.655942121236144
            ],
            [
              121.41873237297477,
              28.655942081408888
            ],
            [
              121.41873223027295,
              28.655942043762515
            ],
            [
              121.41873208685126,
              28.655942008308408
            ],
            [
              121.41873194275298,
              28.655941975057264
            ],
            [
              121.41873179802161,
              28.65594194401911
            ],
            [
              121.41873165270081,
              28.655941915203318
            ],
            [
              121.41873150683445,
              28.65594188861858
            ],
            [
              121.41873136046655,
              28.655941864272915
            ],
            [
              121.41873121364127,
              28.655941842173696
            ],
            [
              121.41873106640293,
              28.65594182232756
            ],
            [
              121.41873091879594,
              28.65594180474052
            ],
            [
              121.41873077086488,
              28.655941789417863
            ],
            [
              121.4187306226544,
              28.655941776364237
            ],
            [
              121.41873047420918,
              28.65594176558355
            ],
            [
              121.41873032557406,
              28.655941757079084
            ],
            [
              121.41873017679387,
              28.655941750853394
            ],
            [
              121.41873002791354,
              28.655941746908354
            ],
            [
              121.41872987897797,
              28.655941745245173
            ],
            [
              121.41872973003213,
              28.655941745864318
            ],
            [
              121.41872958112094,
              28.655941748765642
            ],
            [
              121.41872943228937,
              28.655941753948245
            ],
            [
              121.41872928358232,
              28.655941761410578
            ],
            [
              121.41872913504467,
              28.655941771150378
            ],
            [
              121.41872898672125,
              28.6559417831647
            ],
            [
              121.41872883865682,
              28.655941797449927
            ],
            [
              121.41872869089606,
              28.65594181400176
            ],
            [
              121.41872854348357,
              28.655941832815177
            ],
            [
              121.41872839646382,
              28.655941853884517
            ],
            [
              121.41872824988121,
              28.655941877203425
            ],
            [
              121.41872810377994,
              28.65594190276486
            ],
            [
              121.41872795820413,
              28.655941930561102
            ],
            [
              121.41872781319769,
              28.655941960583757
            ],
            [
              121.4187276688044,
              28.65594199282379
            ],
            [
              121.41872752506782,
              28.65594202727145
            ],
            [
              121.41872738203135,
              28.655942063916346
            ],
            [
              121.41872723973813,
              28.655942102747407
            ],
            [
              121.41872709823112,
              28.655942143752952
            ],
            [
              121.418726957553,
              28.655942186920566
            ],
            [
              121.41872681774626,
              28.65594223223724
            ],
            [
              121.41872667885308,
              28.65594227968929
            ],
            [
              121.41872654091537,
              28.655942329262402
            ],
            [
              121.41872640397474,
              28.65594238094162
            ],
            [
              121.41872626807256,
              28.65594243471134
            ],
            [
              121.4187261332498,
              28.655942490555333
            ],
            [
              121.41872599954718,
              28.655942548456753
            ],
            [
              121.41872586700504,
              28.655942608398124
            ],
            [
              121.41872573566336,
              28.655942670361352
            ],
            [
              121.4187256055618,
              28.655942734327745
            ],
            [
              121.41872547673961,
              28.655942800277984
            ],
            [
              121.41872534923569,
              28.6559428681922
            ],
            [
              121.41872522308847,
              28.65594293804985
            ],
            [
              121.41872509833607,
              28.655943009829887
            ],
            [
              121.41872497501612,
              28.655943083510643
            ],
            [
              121.41872485316583,
              28.655943159069864
            ],
            [
              121.41872473282199,
              28.655943236484774
            ],
            [
              121.41872461402089,
              28.655943315731996
            ],
            [
              121.4187244967984,
              28.655943396787613
            ],
            [
              121.41872438118989,
              28.65594347962717
            ],
            [
              121.41872426723027,
              28.655943564225648
            ],
            [
              121.4187241549539,
              28.655943650557543
            ],
            [
              121.4187240443947,
              28.655943738596793
            ],
            [
              121.41872393558599,
              28.65594382831681
            ],
            [
              121.41872382856063,
              28.655943919690554
            ],
            [
              121.41872372335094,
              28.655944012690423
            ],
            [
              121.41872361998863,
              28.655944107288352
            ],
            [
              121.41872351850492,
              28.6559442034558
            ],
            [
              121.41872341893043,
              28.655944301163743
            ],
            [
              121.4187233212952,
              28.65594440038269
            ],
            [
              121.41872322562872,
              28.65594450108271
            ],
            [
              121.41872313195984,
              28.655944603233408
            ],
            [
              121.41872304031683,
              28.65594470680394
            ],
            [
              121.41872295072736,
              28.655944811763057
            ],
            [
              121.41872286321845,
              28.65594491807911
            ],
            [
              121.41872277781651,
              28.65594502572
            ],
            [
              121.41872269454733,
              28.655945134653223
            ],
            [
              121.41872261343603,
              28.655945244845913
            ],
            [
              121.41872253450708,
              28.65594535626484
            ],
            [
              121.4187224577843,
              28.655945468876347
            ],
            [
              121.41872238329086,
              28.655945582646464
            ],
            [
              121.41872231104922,
              28.655945697540858
            ],
            [
              121.41872224108121,
              28.655945813524855
            ],
            [
              121.41872217340791,
              28.655945930563444
            ],
            [
              121.41872210804978,
              28.65594604862131
            ],
            [
              121.41872204502651,
              28.655946167662837
            ],
            [
              121.41872198435715,
              28.655946287652085
            ],
            [
              121.41872192605997,
              28.655946408552847
            ],
            [
              121.41872187015261,
              28.655946530328638
            ],
            [
              121.41872181665191,
              28.655946652942692
            ],
            [
              121.41872176557402,
              28.655946776358046
            ],
            [
              121.41872171693437,
              28.655946900537412
            ],
            [
              121.41872167074762,
              28.655947025443332
            ],
            [
              121.41872162702772,
              28.655947151038113
            ],
            [
              121.41872158578786,
              28.65594727728385
            ],
            [
              121.41872154704049,
              28.655947404142445
            ],
            [
              121.4187215107973,
              28.655947531575617
            ],
            [
              121.41872147706923,
              28.655947659544903
            ],
            [
              121.41872144586644,
              28.655947788011673
            ],
            [
              121.41872141719837,
              28.655947916937187
            ],
            [
              121.41872139107367,
              28.655948046282504
            ],
            [
              121.41872136750023,
              28.65594817600862
            ],
            [
              121.41872134648513,
              28.65594830607636
            ],
            [
              121.41872132803475,
              28.655948436446483
            ],
            [
              121.41872131215463,
              28.655948567079644
            ],
            [
              121.41872129884958,
              28.655948697936427
            ],
            [
              121.41872128812362,
              28.655948828977323
            ],
            [
              121.41872127997996,
              28.655948960162807
            ],
            [
              121.41872127442109,
              28.655949091453273
            ],
            [
              121.41872127144867,
              28.655949222809106
            ],
            [
              121.4187212710636,
              28.65594935419067
            ],
            [
              121.41872127326599,
              28.655949485558303
            ],
            [
              121.41872127805519,
              28.65594961687237
            ],
            [
              121.41872128542974,
              28.65594974809323
            ],
            [
              121.41872129538743,
              28.655949879181307
            ],
            [
              121.41872130792522,
              28.65595001009701
            ],
            [
              121.41872132303938,
              28.655950140800847
            ],
            [
              121.41872134072531,
              28.655950271253378
            ],
            [
              121.41872136097768,
              28.65595040141524
            ],
            [
              121.41872138379038,
              28.65595053124713
            ],
            [
              121.41872140915653,
              28.65595066070987
            ],
            [
              121.41872143706848,
              28.6559507897644
            ],
            [
              121.41872146751778,
              28.65595091837177
            ],
            [
              121.41872150049528,
              28.65595104649317
            ],
            [
              121.418721535991,
              28.65595117408993
            ],
            [
              121.41872157399423,
              28.65595130112355
            ],
            [
              121.4187216144935,
              28.65595142755568
            ],
            [
              121.41872165747661,
              28.65595155334819
            ],
            [
              121.4187835952807,
              28.656209875543897
            ],
            [
              121.41878358026615,
              28.65621001069665
            ],
            [
              121.41878356790943,
              28.656210146058648
            ],
            [
              121.41878355821424,
              28.6562102815892
            ],
            [
              121.41878355118352,
              28.656210417247625
            ],
            [
              121.41878354681936,
              28.65621055299315
            ],
            [
              121.41878354512308,
              28.656210688785006
            ],
            [
              121.41878354609517,
              28.656210824582395
            ],
            [
              121.41878354973537,
              28.656210960344524
            ],
            [
              121.41878355604256,
              28.656211096030617
            ],
            [
              121.41878356501486,
              28.656211231599904
            ],
            [
              121.41878357664956,
              28.656211367011664
            ],
            [
              121.41878359094319,
              28.65621150222522
            ],
            [
              121.41878360789144,
              28.65621163719995
            ],
            [
              121.41878362748922,
              28.656211771895315
            ],
            [
              121.41878364973063,
              28.656211906270848
            ],
            [
              121.41878367460902,
              28.656212040286185
            ],
            [
              121.41878370211688,
              28.656212173901057
            ],
            [
              121.41878373224598,
              28.65621230707535
            ],
            [
              121.41878376498724,
              28.656212439769025
            ],
            [
              121.41878380033086,
              28.656212571942234
            ],
            [
              121.41878383826618,
              28.656212703555294
            ],
            [
              121.41878387878184,
              28.65621283456863
            ],
            [
              121.41878392186564,
              28.656212964942913
            ],
            [
              121.41878396750465,
              28.656213094638968
            ],
            [
              121.41878401568518,
              28.656213223617826
            ],
            [
              121.41878406639273,
              28.65621335184077
            ],
            [
              121.41878411961207,
              28.656213479269258
            ],
            [
              121.41878417532723,
              28.656213605865016
            ],
            [
              121.41878423352145,
              28.65621373159001
            ],
            [
              121.41878429417727,
              28.65621385640648
            ],
            [
              121.41878435727645,
              28.65621398027692
            ],
            [
              121.41878442280004,
              28.65621410316413
            ],
            [
              121.41878449072837,
              28.656214225031185
            ],
            [
              121.41878456104102,
              28.656214345841484
            ],
            [
              121.41878463371688,
              28.656214465558737
            ],
            [
              121.41878470873411,
              28.656214584146987
            ],
            [
              121.41878478607016,
              28.656214701570576
            ],
            [
              121.41878486570182,
              28.656214817794268
            ],
            [
              121.41878494760518,
              28.656214932783126
            ],
            [
              121.4187850317556,
              28.656215046502616
            ],
            [
              121.41878511812783,
              28.656215158918577
            ],
            [
              121.4187852066959,
              28.656215269997237
            ],
            [
              121.41878529743322,
              28.656215379705234
            ],
            [
              121.41878539031254,
              28.656215488009604
            ],
            [
              121.41878548530593,
              28.656215594877807
            ],
            [
              121.41878558238488,
              28.65621570027775
            ],
            [
              121.41878568152022,
              28.656215804177762
            ],
            [
              121.41878578268216,
              28.656215906546645
            ],
            [
              121.41878588584034,
              28.656216007353645
            ],
            [
              121.41878599096374,
              28.65621610656845
            ],
            [
              121.41878609802079,
              28.65621620416131
            ],
            [
              121.41878620697932,
              28.656216300102862
            ],
            [
              121.41878631780662,
              28.65621639436429
            ],
            [
              121.4187864304694,
              28.6562164869173
            ],
            [
              121.41878654493378,
              28.656216577734078
            ],
            [
              121.41878666116541,
              28.656216666787326
            ],
            [
              121.41878677912936,
              28.656216754050323
            ],
            [
              121.4187868987902,
              28.656216839496835
            ],
            [
              121.41878702011196,
              28.656216923101194
            ],
            [
              121.41878714305824,
              28.65621700483828
            ],
            [
              121.41878726759207,
              28.65621708468357
            ],
            [
              121.41878739367604,
              28.656217162613043
            ],
            [
              121.4187875212723,
              28.656217238603304
            ],
            [
              121.41878765034248,
              28.65621731263152
            ],
            [
              121.41878778084785,
              28.656217384675458
            ],
            [
              121.41878791274918,
              28.656217454713474
            ],
            [
              121.41878804600685,
              28.656217522724532
            ],
            [
              121.41878818058083,
              28.6562175886882
            ],
            [
              121.4187883164307,
              28.656217652584655
            ],
            [
              121.41878845351566,
              28.656217714394714
            ],
            [
              121.41878859179451,
              28.656217774099794
            ],
            [
              121.4187887312257,
              28.65621783168198
            ],
            [
              121.41878887176738,
              28.65621788712395
            ],
            [
              121.4187890133773,
              28.65621794040907
            ],
            [
              121.41878915601295,
              28.65621799152132
            ],
            [
              121.41878929963146,
              28.656218040445356
            ],
            [
              121.41878944418968,
              28.656218087166472
            ],
            [
              121.4187895896442,
              28.656218131670638
            ],
            [
              121.41878973595132,
              28.65621817394447
            ],
            [
              121.41878988306709,
              28.6562182139753
            ],
            [
              121.41879003094732,
              28.656218251751085
            ],
            [
              121.41879017954759,
              28.65621828726048
            ],
            [
              121.41879032882323,
              28.656218320492798
            ],
            [
              121.41879047872945,
              28.65621835143808
            ],
            [
              121.41879062922116,
              28.656218380087022
            ],
            [
              121.4187907802532,
              28.656218406431034
            ],
            [
              121.41879093178017,
              28.65621843046217
            ],
            [
              121.41879108375656,
              28.65621845217323
            ],
            [
              121.41879123613673,
              28.656218471557683
            ],
            [
              121.41879138887488,
              28.656218488609735
            ],
            [
              121.41879154192515,
              28.656218503324222
            ],
            [
              121.41879169524154,
              28.65621851569675
            ],
            [
              121.418791848778,
              28.656218525723588
            ],
            [
              121.41879200248843,
              28.65621853340174
            ],
            [
              121.41879215632662,
              28.65621853872889
            ],
            [
              121.41879231024639,
              28.656218541703435
            ],
            [
              121.41879246420149,
              28.65621854232449
            ],
            [
              121.41879261814564,
              28.656218540591855
            ],
            [
              121.41879277203266,
              28.656218536506064
            ],
            [
              121.41879292581626,
              28.656218530068337
            ],
            [
              121.41879307945028,
              28.656218521280614
            ],
            [
              121.41879323288856,
              28.656218510145532
            ],
            [
              121.418793386085,
              28.65621849666643
            ],
            [
              121.41879353899358,
              28.656218480847368
            ],
            [
              121.41879369156837,
              28.65621846269308
            ],
            [
              121.41879384376354,
              28.656218442209042
            ],
            [
              121.41879399553336,
              28.656218419401394
            ],
            [
              121.41879414683224,
              28.65621839427699
            ],
            [
              121.41879429761474,
              28.656218366843376
            ],
            [
              121.41879444783557,
              28.656218337108804
            ],
            [
              121.41879459744956,
              28.656218305082188
            ],
            [
              121.41879474641182,
              28.656218270773156
            ],
            [
              121.41879489467757,
              28.65621823419202
            ],
            [
              121.41879504220229,
              28.656218195349776
            ],
            [
              121.41879518894164,
              28.656218154258077
            ],
            [
              121.41879533485157,
              28.656218110929267
            ],
            [
              121.4190641509491,
              28.656164015405736
            ],
            [
              121.41906431544402,
              28.65616395961976
            ],
            [
              121.41906447881084,
              28.656163901311608
            ],
            [
              121.41906464099986,
              28.656163840498994
            ],
            [
              121.41906480196175,
              28.656163777200423
            ],
            [
              121.4190649616475,
              28.65616371143516
            ],
            [
              121.41906512000858,
              28.656163643223195
            ],
            [
              121.41906527699679,
              28.656163572585303
            ],
            [
              121.41906543256435,
              28.656163499542956
            ],
            [
              121.41906558666398,
              28.656163424118382
            ],
            [
              121.41906573924874,
              28.656163346334523
            ],
            [
              121.41906589027224,
              28.65616326621506
            ],
            [
              121.41906603968854,
              28.65616318378435
            ],
            [
              121.41906618745217,
              28.65616309906747
            ],
            [
              121.41906633351819,
              28.656163012090207
            ],
            [
              121.41906647784215,
              28.65616292287901
            ],
            [
              121.41906662038015,
              28.656162831461018
            ],
            [
              121.41906676108881,
              28.65616273786406
            ],
            [
              121.41906689992535,
              28.656162642116595
            ],
            [
              121.41906703684752,
              28.65616254424776
            ],
            [
              121.41906717181365,
              28.656162444287315
            ],
            [
              121.4190673047827,
              28.65616234226569
            ],
            [
              121.41906743571421,
              28.656162238213923
            ],
            [
              121.41906756456834,
              28.656162132163644
            ],
            [
              121.4190676913059,
              28.65616202414714
            ],
            [
              121.41906781588833,
              28.656161914197273
            ],
            [
              121.4190679382777,
              28.65616180234747
            ],
            [
              121.41906805843684,
              28.656161688631794
            ],
            [
              121.41906817632912,
              28.656161573084805
            ],
            [
              121.41906829191873,
              28.65616145574168
            ],
            [
              121.41906840517048,
              28.656161336638117
            ],
            [
              121.41906851604992,
              28.656161215810332
            ],
            [
              121.41906862452332,
              28.656161093295093
            ],
            [
              121.41906873055767,
              28.656160969129687
            ],
            [
              121.41906883412072,
              28.65616084335187
            ],
            [
              121.41906893518096,
              28.656160715999924
            ],
            [
              121.41906903370764,
              28.65616058711258
            ],
            [
              121.4190691296708,
              28.656160456729044
            ],
            [
              121.41906922304123,
              28.656160324889004
            ],
            [
              121.41906931379054,
              28.656160191632548
            ],
            [
              121.41906940189111,
              28.65616005700023
            ],
            [
              121.41906948731614,
              28.656159921032984
            ],
            [
              121.41906957003962,
              28.65615978377221
            ],
            [
              121.41906965003643,
              28.65615964525965
            ],
            [
              121.41906972728219,
              28.656159505537453
            ],
            [
              121.41906980175344,
              28.656159364648108
            ],
            [
              121.41906987342747,
              28.656159222634486
            ],
            [
              121.41906994228252,
              28.656159079539798
            ],
            [
              121.41907000829762,
              28.656158935407568
            ],
            [
              121.41907007145271,
              28.656158790281662
            ],
            [
              121.41907013172855,
              28.6561586442062
            ],
            [
              121.4190701891068,
              28.656158497225658
            ],
            [
              121.41907024357003,
              28.656158349384732
            ],
            [
              121.41907029510165,
              28.65615820072839
            ],
            [
              121.419070343686,
              28.656158051301887
            ],
            [
              121.41907038930827,
              28.65615790115066
            ],
            [
              121.41907043195462,
              28.656157750320386
            ],
            [
              121.41907047161205,
              28.656157598856964
            ],
            [
              121.41907050826849,
              28.65615744680648
            ],
            [
              121.4190705419128,
              28.656157294215163
            ],
            [
              121.41907057253475,
              28.656157141129473
            ],
            [
              121.41907060012502,
              28.656156987595953
            ],
            [
              121.41907062467521,
              28.656156833661335
            ],
            [
              121.41907064617784,
              28.65615667937243
            ],
            [
              121.4190706646264,
              28.65615652477619
            ],
            [
              121.41907068001525,
              28.656156369919636
            ],
            [
              121.41907069233973,
              28.656156214849894
            ],
            [
              121.41907070159607,
              28.656156059614137
            ],
            [
              121.41907070778147,
              28.65615590425958
            ],
            [
              121.41907071089403,
              28.656155748833488
            ],
            [
              121.41907071093283,
              28.656155593383172
            ],
            [
              121.41907070789783,
              28.656155437955903
            ],
            [
              121.41907070178996,
              28.656155282598966
            ],
            [
              121.4190706926111,
              28.656155127359618
            ],
            [
              121.41907068036402,
              28.65615497228511
            ],
            [
              121.41907066505244,
              28.656154817422593
            ],
            [
              121.41907064668105,
              28.6561546628192
            ],
            [
              121.4190706252554,
              28.65615450852197
            ],
            [
              121.41907060078204,
              28.65615435457783
            ],
            [
              121.4190705732684,
              28.65615420103361
            ],
            [
              121.41907054272286,
              28.656154047936035
            ],
            [
              121.41907050915471,
              28.65615389533168
            ],
            [
              121.41907047257415,
              28.656153743266962
            ],
            [
              121.41907043299231,
              28.65615359178817
            ],
            [
              121.41907039042125,
              28.656153440941353
            ],
            [
              121.41907034487392,
              28.656153290772426
            ],
            [
              121.41907029636415,
              28.656153141327074
            ],
            [
              121.41907024490672,
              28.656152992650732
            ],
            [
              121.41907019051729,
              28.656152844788668
            ],
            [
              121.41907013321239,
              28.656152697785867
            ],
            [
              121.41907007300946,
              28.65615255168702
            ],
            [
              121.41907000992683,
              28.656152406536595
            ],
            [
              121.41906994398366,
              28.656152262378743
            ],
            [
              121.41906987520004,
              28.65615211925734
            ],
            [
              121.41906980359688,
              28.656151977215906
            ],
            [
              121.41906972919598,
              28.656151836297646
            ],
            [
              121.41906965201996,
              28.656151696545454
            ],
            [
              121.4190695720923,
              28.656151558001852
            ],
            [
              121.41906948943733,
              28.656151420708973
            ],
            [
              121.41906940408018,
              28.65615128470858
            ],
            [
              121.41906931604682,
              28.656151150042064
            ],
            [
              121.41906922536404,
              28.656151016750385
            ],
            [
              121.41906913205942,
              28.656150884874087
            ],
            [
              121.41906903616136,
              28.65615075445331
            ],
            [
              121.41906893769901,
              28.656150625527708
            ],
            [
              121.41906883670235,
              28.656150498136526
            ],
            [
              121.4190687332021,
              28.656150372318507
            ],
            [
              121.41906862722973,
              28.65615024811193
            ],
            [
              121.41906851881751,
              28.65615012555459
            ],
            [
              121.4190684079984,
              28.65615000468377
            ],
            [
              121.41906829480612,
              28.65614988553623
            ],
            [
              121.4190681792751,
              28.65614976814823
            ],
            [
              121.4190680614405,
              28.656149652555467
            ],
            [
              121.41906794133817,
              28.656149538793134
            ],
            [
              121.41906781900462,
              28.65614942689583
            ],
            [
              121.4190676944771,
              28.656149316897586
            ],
            [
              121.41906756779349,
              28.656149208831874
            ],
            [
              121.41906743899233,
              28.656149102731565
            ],
            [
              121.41906730811279,
              28.656148998628964
            ],
            [
              121.41906717519468,
              28.656148896555717
            ],
            [
              121.41906704027848,
              28.656148796542862
            ],
            [
              121.4190669034052,
              28.656148698620868
            ],
            [
              121.41906676461647,
              28.65614860281949
            ],
            [
              121.41906662395456,
              28.656148509167895
            ],
            [
              121.41906648146222,
              28.65614841769456
            ],
            [
              121.41906633718283,
              28.656148328427324
            ],
            [
              121.41906619116025,
              28.65614824139334
            ],
            [
              121.41906604343895,
              28.65614815661909
            ],
            [
              121.41906589406383,
              28.656148074130353
            ],
            [
              121.41906574308035,
              28.65614799395225
            ],
            [
              121.41906559053444,
              28.656147916109138
            ],
            [
              121.41906543647252,
              28.65614784062473
            ],
            [
              121.41906528094145,
              28.656147767521976
            ],
            [
              121.41906512398855,
              28.656147696823112
            ],
            [
              121.41906496566156,
              28.65614762854966
            ],
            [
              121.41906480600866,
              28.65614756272237
            ],
            [
              121.41906464507842,
              28.656147499361293
            ],
            [
              121.4190644829198,
              28.656147438485693
            ],
            [
              121.41906431958212,
              28.6561473801141
            ],
            [
              121.41906415511508,
              28.65614732426424
            ],
            [
              121.41906398956873,
              28.65614727095315
            ],
            [
              121.41905822375747,
              28.656146540083217
            ],
            [
              121.41905247260613,
              28.65614572428106
            ],
            [
              121.41904673772252,
              28.656144823774774
            ],
            [
              121.41904102071003,
              28.656143838816096
            ],
            [
              121.41903532316694,
              28.6561427696804
            ],
            [
              121.41902964668614,
              28.65614161666659
            ],
            [
              121.41902399285462,
              28.656140380097018
            ],
            [
              121.41901836325307,
              28.656139060317404
            ],
            [
              121.41901275945536,
              28.65613765769671
            ],
            [
              121.41900718302814,
              28.656136172627093
            ],
            [
              121.41900163553046,
              28.656134605523725
            ],
            [
              121.41899611851325,
              28.65613295682472
            ],
            [
              121.41899063351892,
              28.65613122699103
            ],
            [
              121.41898518208092,
              28.656129416506253
            ],
            [
              121.41897976572332,
              28.65612752587657
            ],
            [
              121.4189743859604,
              28.656125555630545
            ],
            [
              121.41896904429619,
              28.656123506319013
            ],
            [
              121.4189637422241,
              28.656121378514882
            ],
            [
              121.4189584812264,
              28.656119172813057
            ],
            [
              121.41895326277397,
              28.65611688983019
            ],
            [
              121.4189480883257,
              28.656114530204537
            ],
            [
              121.41894295932828,
              28.656112094595777
            ],
            [
              121.4189378772156,
              28.656109583684874
            ],
            [
              121.41893096513533,
              28.65610698710889
            ],
            [
              121.41892410510305,
              28.65610428527346
            ],
            [
              121.41891729917874,
              28.65610147898996
            ],
            [
              121.4189105494062,
              28.65609856910108
            ],
            [
              121.41890385781232,
              28.65609555648065
            ],
            [
              121.41889722640656,
              28.656092442033348
            ],
            [
              121.41889065718026,
              28.6560892266944
            ],
            [
              121.4188841521061,
              28.65608591142937
            ],
            [
              121.41887771313753,
              28.656082497233808
            ],
            [
              121.4188713422081,
              28.65607898513297
            ],
            [
              121.41886504123096,
              28.656075376181523
            ],
            [
              121.41885881209824,
              28.65607167146319
            ],
            [
              121.4188526566805,
              28.656067872090507
            ],
            [
              121.41884657682616,
              28.656063979204376
            ],
            [
              121.41884057436093,
              28.65605999397381
            ],
            [
              121.41883465108732,
              28.656055917595538
            ],
            [
              121.41882880878404,
              28.65605175129368
            ],
            [
              121.41882304920547,
              28.656047496319342
            ],
            [
              121.41881737408117,
              28.65604315395028
            ],
            [
              121.41881178511532,
              28.656038725490443
            ],
            [
              121.41880628398624,
              28.656034212269695
            ],
            [
              121.41880087234586,
              28.656029615643305
            ],
            [
              121.41879555181926,
              28.65602493699162
            ],
            [
              121.4187930221122,
              28.656022853088785
            ],
            [
              121.41879053370305,
              28.65602073085151
            ],
            [
              121.41878808733833,
              28.656018570916466
            ],
            [
              121.41878568375195,
              28.65601637393162
            ],
            [
              121.41878332366497,
              28.656014140556096
            ],
            [
              121.41878100778541,
              28.656011871459892
            ],
            [
              121.41877873680805,
              28.65600956732371
            ],
            [
              121.41877651141415,
              28.656007228838828
            ],
            [
              121.41877433227134,
              28.65600485670676
            ],
            [
              121.41877220003335,
              28.656002451639157
            ],
            [
              121.41877011533985,
              28.65600001435754
            ],
            [
              121.41876807881624,
              28.655997545593085
            ],
            [
              121.41876609107348,
              28.655995046086424
            ],
            [
              121.41876415270787,
              28.655992516587386
            ],
            [
              121.41876226430092,
              28.655989957854846
            ],
            [
              121.41876042641917,
              28.655987370656405
            ],
            [
              121.41875863961394,
              28.655984755768223
            ],
            [
              121.4187569044213,
              28.655982113974765
            ],
            [
              121.41875522136178,
              28.655979446068567
            ],
            [
              121.4187535909403,
              28.65597675284999
            ],
            [
              121.41875201364597,
              28.655974035127002
            ],
            [
              121.41875048995199,
              28.655971293714927
            ],
            [
              121.41874902031545,
              28.655968529436173
            ],
            [
              121.41874760517724,
              28.65596574312002
            ],
            [
              121.4187462449619,
              28.65596293560237
            ],
            [
              121.41874494007746,
              28.65596010772546
            ],
            [
              121.4187436909154,
              28.655957260337654
            ],
            [
              121.41874249785049,
              28.655954394293172
            ],
            [
              121.41874136124059,
              28.655951510451807
            ],
            [
              121.41873641253292,
              28.655944446265604
            ]
          ]
        ]
      }
    },
    {
      "type": "Feature",
      "id": 6,
      "properties": {
        "fid": 6,
        "island_id": null,
        "island_type": null,
        "source": null,
        "id": "ISL-006",
        "type": "traffic_island"
      },
      "geometry": {
        "type": "Polygon",
        "coordinates": [
          [
            [
              121.41858154924678,
              28.65640149986627
            ],
            [
              121.41858168601115,
              28.656401561988723
            ],
            [
              121.41858182152629,
              28.65640162620585
            ],
            [
              121.418581955751,
              28.65640169249811
            ],
            [
              121.41858208864441,
              28.656401760845323
            ],
            [
              121.4185822201661,
              28.656401831226717
            ],
            [
              121.41858235027607,
              28.656401903620857
            ],
            [
              121.41858247893471,
              28.65640197800573
            ],
            [
              121.41858260610289,
              28.656402054358697
            ],
            [
              121.4185827317419,
              28.65640213265654
            ],
            [
              121.41858285581355,
              28.65640221287543
            ],
            [
              121.41858297828007,
              28.656402294990947
            ],
            [
              121.4185830991042,
              28.65640237897813
            ],
            [
              121.41858321824917,
              28.65640246481141
            ],
            [
              121.41858333567875,
              28.656402552464684
            ],
            [
              121.4185834513572,
              28.65640264191127
            ],
            [
              121.41858356524932,
              28.656402733123976
            ],
            [
              121.41858367732048,
              28.656402826075023
            ],
            [
              121.41858378753658,
              28.65640292073615
            ],
            [
              121.41858389586406,
              28.656403017078567
            ],
            [
              121.41858400226998,
              28.656403115072933
            ],
            [
              121.41858410672198,
              28.656403214689444
            ],
            [
              121.41858420918825,
              28.656403315897798
            ],
            [
              121.41858430963764,
              28.656403418667207
            ],
            [
              121.41858440803956,
              28.656403522966393
            ],
            [
              121.41858450436412,
              28.65640362876362
            ],
            [
              121.41858459858197,
              28.65640373602671
            ],
            [
              121.41858469066446,
              28.656403844723034
            ],
            [
              121.41858478058357,
              28.656403954819506
            ],
            [
              121.41858486831194,
              28.65640406628263
            ],
            [
              121.4185849538229,
              28.656404179078507
            ],
            [
              121.41858503709041,
              28.65640429317281
            ],
            [
              121.41858511808914,
              28.65640440853083
            ],
            [
              121.41858519679445,
              28.656404525117456
            ],
            [
              121.4185852731824,
              28.65640464289724
            ],
            [
              121.41858534722974,
              28.656404761834327
            ],
            [
              121.41858541891393,
              28.656404881892545
            ],
            [
              121.4185854882132,
              28.656405003035356
            ],
            [
              121.41858555510643,
              28.656405125225913
            ],
            [
              121.41858561957328,
              28.65640524842704
            ],
            [
              121.41858568159412,
              28.65640537260123
            ],
            [
              121.41858574115011,
              28.65640549771073
            ],
            [
              121.41858579822312,
              28.65640562371748
            ],
            [
              121.41858585279577,
              28.656405750583115
            ],
            [
              121.41858590485147,
              28.65640587826905
            ],
            [
              121.41858595437438,
              28.65640600673644
            ],
            [
              121.41858600134944,
              28.656406135946206
            ],
            [
              121.41858604576234,
              28.656406265859015
            ],
            [
              121.41858608759958,
              28.656406396435358
            ],
            [
              121.41858612684842,
              28.656406527635514
            ],
            [
              121.41858616349695,
              28.65640665941955
            ],
            [
              121.41858619753398,
              28.656406791747376
            ],
            [
              121.41858622894918,
              28.656406924578725
            ],
            [
              121.41858625773298,
              28.656407057873185
            ],
            [
              121.41858628387662,
              28.656407191590223
            ],
            [
              121.41858630737217,
              28.656407325689134
            ],
            [
              121.41858632821244,
              28.656407460129124
            ],
            [
              121.41858634639112,
              28.656407594869282
            ],
            [
              121.41858636190268,
              28.656407729868626
            ],
            [
              121.41858637474239,
              28.65640786508608
            ],
            [
              121.41858638490635,
              28.656408000480518
            ],
            [
              121.41858639239145,
              28.656408136010707
            ],
            [
              121.41858639719544,
              28.656408271635446
            ],
            [
              121.41858639931684,
              28.656408407313474
            ],
            [
              121.41858639875501,
              28.656408543003486
            ],
            [
              121.41858639551012,
              28.65640867866422
            ],
            [
              121.41858638958315,
              28.656408814254394
            ],
            [
              121.41858638097592,
              28.65640894973275
            ],
            [
              121.41858636969104,
              28.65640908505808
            ],
            [
              121.41858635573195,
              28.656409220189207
            ],
            [
              121.41858633910287,
              28.656409355085003
            ],
            [
              121.4185863198089,
              28.656409489704448
            ],
            [
              121.41858629785587,
              28.656409624006574
            ],
            [
              121.4185862732505,
              28.65640975795054
            ],
            [
              121.41858624600023,
              28.656409891495557
            ],
            [
              121.4185862161134,
              28.656410024601012
            ],
            [
              121.41858618359906,
              28.65641015722642
            ],
            [
              121.41858614846713,
              28.656410289331415
            ],
            [
              121.41858611072828,
              28.65641042087581
            ],
            [
              121.41858607039401,
              28.656410551819587
            ],
            [
              121.4185860274766,
              28.65641068212289
            ],
            [
              121.41858598198907,
              28.656410811746092
            ],
            [
              121.41858593394528,
              28.656410940649742
            ],
            [
              121.41858588335985,
              28.65641106879464
            ],
            [
              121.41858583024816,
              28.65641119614178
            ],
            [
              121.4185857746264,
              28.656411322652424
            ],
            [
              121.41858571651144,
              28.656411448288086
            ],
            [
              121.41858565592102,
              28.656411573010537
            ],
            [
              121.41858559287353,
              28.656411696781827
            ],
            [
              121.41858552738816,
              28.656411819564305
            ],
            [
              121.41858545948486,
              28.656411941320613
            ],
            [
              121.41858538918426,
              28.656412062013693
            ],
            [
              121.41858531650776,
              28.656412181606864
            ],
            [
              121.41858524147747,
              28.656412300063685
            ],
            [
              121.41858516411622,
              28.65641241734817
            ],
            [
              121.41858508444756,
              28.656412533424593
            ],
            [
              121.41858500249569,
              28.65641264825766
            ],
            [
              121.41858491828559,
              28.656412761812433
            ],
            [
              121.41858483184285,
              28.656412874054354
            ],
            [
              121.41858474319378,
              28.656412984949284
            ],
            [
              121.41858465236534,
              28.656413094463467
            ],
            [
              121.41858455938518,
              28.6564132025636
            ],
            [
              121.4185844642816,
              28.65641330921679
            ],
            [
              121.4185843670835,
              28.656413414390588
            ],
            [
              121.41858426782048,
              28.656413518052997
            ],
            [
              121.41858416652272,
              28.656413620172465
            ],
            [
              121.41858406322106,
              28.65641372071793
            ],
            [
              121.41858395794692,
              28.656413819658813
            ],
            [
              121.41858385073233,
              28.656413916964997
            ],
            [
              121.41858374160991,
              28.65641401260687
            ],
            [
              121.41858363061286,
              28.656414106555367
            ],
            [
              121.41858351777495,
              28.65641419878186
            ],
            [
              121.41858340313051,
              28.656414289258336
            ],
            [
              121.41858328671442,
              28.656414377957226
            ],
            [
              121.41858316856211,
              28.656414464851558
            ],
            [
              121.41858304870951,
              28.656414549914913
            ],
            [
              121.41858292719309,
              28.65641463312138
            ],
            [
              121.41858280404982,
              28.656414714445667
            ],
            [
              121.41858267931718,
              28.656414793863018
            ],
            [
              121.4185825530331,
              28.656414871349273
            ],
            [
              121.41858242523602,
              28.656414946880872
            ],
            [
              121.41858229596481,
              28.65641502043481
            ],
            [
              121.4185821652588,
              28.65641509198873
            ],
            [
              121.41858203315776,
              28.656415161520847
            ],
            [
              121.41858189970189,
              28.65641522901001
            ],
            [
              121.41858176493179,
              28.656415294435693
            ],
            [
              121.41858162888845,
              28.656415357777984
            ],
            [
              121.41858149161327,
              28.6564154190176
            ],
            [
              121.41858135314801,
              28.656415478135937
            ],
            [
              121.41858121353481,
              28.656415535114974
            ],
            [
              121.41858107281614,
              28.656415589937403
            ],
            [
              121.41858093103481,
              28.65641564258654
            ],
            [
              121.41858078823397,
              28.656415693046352
            ],
            [
              121.41858064445704,
              28.6564157413015
            ],
            [
              121.41858049974779,
              28.656415787337306
            ],
            [
              121.41831735679655,
              28.656466653459923
            ],
            [
              121.41831337047215,
              28.65645214439219
            ],
            [
              121.41848347708913,
              28.65641997032387
            ],
            [
              121.41858154924678,
              28.65640149986627
            ]
          ]
        ]
      }
    },
    {
      "type": "Feature",
      "id": 7,
      "properties": {
        "fid": 7,
        "island_id": null,
        "island_type": null,
        "source": null,
        "id": "ISL-007",
        "type": "traffic_island"
      },
      "geometry": {
        "type": "Polygon",
        "coordinates": [
          [
            [
              121.41908087303635,
              28.656257997779978
            ],
            [
              121.4188648791703,
              28.656296849458265
            ],
            [
              121.41886473195966,
              28.656296955248337
            ],
            [
              121.41886458685181,
              28.656297063275105
            ],
            [
              121.41886444389041,
              28.65629717350609
            ],
            [
              121.41886430311851,
              28.656297285908096
            ],
            [
              121.41886416457845,
              28.656297400447304
            ],
            [
              121.41886402831194,
              28.656297517089236
            ],
            [
              121.41886389436,
              28.656297635798765
            ],
            [
              121.41886376276294,
              28.656297756540198
            ],
            [
              121.41886363356038,
              28.656297879277165
            ],
            [
              121.41886350679118,
              28.656298003972747
            ],
            [
              121.41886338249353,
              28.6562981305894
            ],
            [
              121.4188632607048,
              28.65629825908902
            ],
            [
              121.41886314146167,
              28.656298389432926
            ],
            [
              121.41886302480005,
              28.65629852158189
            ],
            [
              121.41886291075501,
              28.656298655496148
            ],
            [
              121.4188627993609,
              28.656298791135367
            ],
            [
              121.41886269065124,
              28.65629892845876
            ],
            [
              121.41886258465874,
              28.656299067424975
            ],
            [
              121.41886248141533,
              28.656299207992177
            ],
            [
              121.41886238095206,
              28.656299350118086
            ],
            [
              121.41886228329918,
              28.656299493759903
            ],
            [
              121.41886218848606,
              28.6562996388744
            ],
            [
              121.41886209654126,
              28.656299785417897
            ],
            [
              121.41886200749245,
              28.656299933346304
            ],
            [
              121.41886192136643,
              28.65630008261508
            ],
            [
              121.4188618381891,
              28.656300233179305
            ],
            [
              121.41886175798552,
              28.656300384993663
            ],
            [
              121.41886168077984,
              28.65630053801246
            ],
            [
              121.41886160659527,
              28.656300692189642
            ],
            [
              121.41886153545414,
              28.656300847478807
            ],
            [
              121.41886146737788,
              28.656301003833214
            ],
            [
              121.41886140238697,
              28.656301161205793
            ],
            [
              121.41886134050097,
              28.656301319549193
            ],
            [
              121.4188612817385,
              28.656301478815763
            ],
            [
              121.41886122611724,
              28.656301638957547
            ],
            [
              121.41886117365397,
              28.65630179992636
            ],
            [
              121.41886112436444,
              28.656301961673744
            ],
            [
              121.4188610782635,
              28.656302124151026
            ],
            [
              121.41886103536503,
              28.656302287309302
            ],
            [
              121.41886099568194,
              28.656302451099453
            ],
            [
              121.41886095922615,
              28.656302615472203
            ],
            [
              121.41886092600866,
              28.65630278037806
            ],
            [
              121.41886089603948,
              28.6563029457674
            ],
            [
              121.41886086932759,
              28.656303111590454
            ],
            [
              121.41886084588104,
              28.65630327779729
            ],
            [
              121.41886082570691,
              28.6563034443379
            ],
            [
              121.41886080881126,
              28.656303611162148
            ],
            [
              121.41886079519918,
              28.65630377821984
            ],
            [
              121.41886078487475,
              28.65630394546069
            ],
            [
              121.41886077784109,
              28.656304112834345
            ],
            [
              121.41886077410031,
              28.656304280290456
            ],
            [
              121.41886077365355,
              28.6563044477786
            ],
            [
              121.41886077650092,
              28.656304615248363
            ],
            [
              121.4188607826416,
              28.65630478264938
            ],
            [
              121.4188607920737,
              28.65630494993121
            ],
            [
              121.41886080479442,
              28.656305117043555
            ],
            [
              121.4188608207999,
              28.656305283936092
            ],
            [
              121.41886084008534,
              28.65630545055859
            ],
            [
              121.41886086264493,
              28.656305616860916
            ],
            [
              121.41886088847188,
              28.656305782792998
            ],
            [
              121.41886091755842,
              28.656305948304905
            ],
            [
              121.4188609498958,
              28.65630611334682
            ],
            [
              121.41886098547427,
              28.65630627786905
            ],
            [
              121.41886102428313,
              28.656306441822114
            ],
            [
              121.41886106631071,
              28.656306605156644
            ],
            [
              121.41886111154435,
              28.65630676782348
            ],
            [
              121.41886115997043,
              28.65630692977366
            ],
            [
              121.4188612115744,
              28.65630709095844
            ],
            [
              121.4188612663407,
              28.656307251329327
            ],
            [
              121.41886132425286,
              28.65630741083804
            ],
            [
              121.41886138529344,
              28.656307569436557
            ],
            [
              121.41886144944408,
              28.656307727077163
            ],
            [
              121.41886151668548,
              28.6563078837124
            ],
            [
              121.41886158699738,
              28.65630803929513
            ],
            [
              121.41886166035862,
              28.656308193778525
            ],
            [
              121.41886173674713,
              28.65630834711608
            ],
            [
              121.41886181613992,
              28.656308499261662
            ],
            [
              121.4188618985131,
              28.656308650169464
            ],
            [
              121.41886198384185,
              28.656308799794072
            ],
            [
              121.41886207210051,
              28.656308948090455
            ],
            [
              121.41886216326252,
              28.656309095013967
            ],
            [
              121.41886225730043,
              28.656309240520404
            ],
            [
              121.41886235418595,
              28.656309384565958
            ],
            [
              121.41886245388989,
              28.656309527107283
            ],
            [
              121.41886255638228,
              28.656309668101468
            ],
            [
              121.41886266163225,
              28.656309807506084
            ],
            [
              121.41886276960811,
              28.656309945279162
            ],
            [
              121.4188628802774,
              28.656310081379257
            ],
            [
              121.41886299360678,
              28.656310215765394
            ],
            [
              121.41886310956214,
              28.65631034839712
            ],
            [
              121.4188632281086,
              28.656310479234524
            ],
            [
              121.41886334921047,
              28.65631060823823
            ],
            [
              121.41886347283129,
              28.656310735369402
            ],
            [
              121.41886359893387,
              28.65631086058978
            ],
            [
              121.41886372748026,
              28.65631098386168
            ],
            [
              121.41886385843173,
              28.656311105147985
            ],
            [
              121.41886399174892,
              28.656311224412196
            ],
            [
              121.41886412739169,
              28.656311341618427
            ],
            [
              121.41886426531917,
              28.656311456731398
            ],
            [
              121.41886440548991,
              28.65631156971646
            ],
            [
              121.41886454786169,
              28.656311680539606
            ],
            [
              121.41886469239165,
              28.656311789167482
            ],
            [
              121.41886483903632,
              28.65631189556739
            ],
            [
              121.41886498775152,
              28.656311999707327
            ],
            [
              121.41886513849254,
              28.656312101555915
            ],
            [
              121.41886529121398,
              28.656312201082518
            ],
            [
              121.41886544586987,
              28.65631229825718
            ],
            [
              121.41886560241367,
              28.656312393050648
            ],
            [
              121.41886576079828,
              28.656312485434405
            ],
            [
              121.41886592097602,
              28.656312575380632
            ],
            [
              121.41886608289866,
              28.656312662862266
            ],
            [
              121.41886624651748,
              28.65631274785298
            ],
            [
              121.41886641178324,
              28.656312830327167
            ],
            [
              121.4188665786462,
              28.65631291026003
            ],
            [
              121.41886674705613,
              28.656312987627494
            ],
            [
              121.41886691696233,
              28.656313062406298
            ],
            [
              121.41886708831369,
              28.656313134573924
            ],
            [
              121.41886726105862,
              28.656313204108635
            ],
            [
              121.41886743514513,
              28.656313270989525
            ],
            [
              121.41886761052082,
              28.656313335196458
            ],
            [
              121.41886778713291,
              28.656313396710097
            ],
            [
              121.41908241274584,
              28.656271347316228
            ],
            [
              121.41908087303635,
              28.656257997779978
            ]
          ]
        ]
      }
    }
  ]
}